star_id,prediction,confidence,period,depth_ppm,duration_hours
KIC_10002867,0,0.25821596,,,
KIC_10006971,0,0.25821596,,,
KIC_10057494,0,0.25821596,,,
KIC_10058491,0,0.25821596,,,
KIC_10089175,0,0.25821596,,,
KIC_10094670,0,0.25821596,,,
KIC_10097171,0,0.25821596,,,
KIC_10189884,0,0.25821596,,,
KIC_10190481,0,0.25821596,,,
KIC_10208470,0,0.24815527,,,
KIC_10252901,0,0.25821596,,,
KIC_10266195,0,0.25821596,,,
KIC_10322913,0,0.25821596,,,
KIC_10360825,0,0.25821596,,,
KIC_10385248,0,0.25821596,,,
KIC_10417251,0,0.25821596,,,
KIC_10532112,0,0.25821596,,,
KIC_10556590,0,0.25701478,,,
KIC_10578148,0,0.25821596,,,
KIC_10581308,0,0.25821596,,,
KIC_10615440,0,0.2540414,,,
KIC_10651431,0,0.25821596,,,
KIC_10657406,0,0.25821596,,,
KIC_10722020,0,0.25821596,,,
KIC_10745115,0,0.25821596,,,
KIC_10779094,0,0.25702563,,,
KIC_10848334,0,0.25821596,,,
KIC_10877233,0,0.25821596,,,
KIC_10904004,0,0.25821596,,,
KIC_10911073,0,0.25821596,,,
KIC_10917136,0,0.25821596,,,
KIC_10924064,0,0.25204705,,,
KIC_10928043,0,0.25821596,,,
KIC_11017397,0,0.25821596,,,
KIC_11017901,0,0.25821596,,,
KIC_11075737,0,0.25821596,,,
KIC_11122894,0,0.25821596,,,
KIC_11125797,0,0.25821596,,,
KIC_11125992,0,0.25821596,,,
KIC_11139692,0,0.25821596,,,
KIC_11153121,0,0.25821596,,,
KIC_11196226,0,0.25821596,,,
KIC_11290469,0,0.25821596,,,
KIC_11355925,0,0.2580421,,,
KIC_11359056,0,0.25821596,,,
KIC_11361646,0,0.25821596,,,
KIC_11446443,0,0.22984086,,,
KIC_11453791,0,0.25821596,,,
KIC_11495513,0,0.25821596,,,
KIC_11658776,0,0.25821596,,,
KIC_11666881,0,0.25821596,,,
KIC_11713414,0,0.25821596,,,
KIC_11760235,0,0.25821596,,,
KIC_11766750,0,0.25821596,,,
KIC_11803247,0,0.25821596,,,
KIC_11904011,0,0.25821596,,,
KIC_11908749,0,0.25821596,,,
KIC_11953957,0,0.25798238,,,
KIC_12053194,0,0.25821596,,,
KIC_12055539,0,0.25744451,,,
KIC_12066128,0,0.25821596,,,
KIC_12067363,0,0.25821596,,,
KIC_12109421,0,0.25821596,,,
KIC_12215240,0,0.25821596,,,
KIC_12300524,0,0.25821596,,,
KIC_12457730,0,0.25821596,,,
KIC_1719974,0,0.25821596,,,
KIC_1724719,0,0.25821596,,,
KIC_1849415,0,0.25821596,,,
KIC_2301527,0,0.25821596,,,
KIC_2441876,0,0.25821596,,,
KIC_2445665,0,0.25821596,,,
KIC_2572793,0,0.24763278,,,
KIC_2574376,0,0.25821596,,,
KIC_2715251,0,0.25821596,,,
KIC_2716664,0,0.25821596,,,
KIC_2718136,0,0.25821596,,,
KIC_2853446,0,0.25821596,,,
KIC_2987027,0,0.25821596,,,
KIC_2989404,0,0.25821596,,,
KIC_2991562,0,0.25821596,,,
KIC_3003576,0,0.25821596,,,
KIC_3098810,0,0.25821596,,,
KIC_3440118,0,0.25821596,,,
KIC_3446746,0,0.25821596,,,
KIC_3533508,0,0.25821596,,,
KIC_3541946,0,0.25821596,,,
KIC_3543138,0,0.25821596,,,
KIC_3557114,0,0.25821596,,,
KIC_3654361,0,0.25821596,,,
KIC_3735720,0,0.24483705,,,
KIC_3847642,0,0.25821596,,,
KIC_3847809,0,0.25821596,,,
KIC_3851162,0,0.25821596,,,
KIC_3854725,0,0.25821596,,,
KIC_3859406,0,0.25821596,,,
KIC_3953177,0,0.25821596,,,
KIC_4048898,0,0.25821596,,,
KIC_4068696,0,0.25821596,,,
KIC_4168758,0,0.25821596,,,
KIC_4176763,0,0.25821596,,,
KIC_4245449,0,0.23907618,,,
KIC_4263324,0,0.25821596,,,
KIC_4274340,0,0.25821596,,,
KIC_4364882,0,0.25821596,,,
KIC_4370718,0,0.25821596,,,
KIC_4383803,0,0.25821596,,,
KIC_4490159,0,0.25821596,,,
KIC_4543158,0,0.25821596,,,
KIC_4545738,0,0.25821596,,,
KIC_4546746,0,0.25589927,,,
KIC_4742888,0,0.25821596,,,
KIC_4820550,0,0.25821596,,,
KIC_4831185,0,0.23601061,,,
KIC_4831267,0,0.25821596,,,
KIC_4845295,0,0.25821596,,,
KIC_4935189,0,0.25821596,,,
KIC_4939472,0,0.25821596,,,
KIC_5033073,0,0.25821596,,,
KIC_5036291,0,0.25821596,,,
KIC_5084184,0,0.25726397,,,
KIC_5095635,0,0.25821596,,,
KIC_5096839,0,0.25430083,,,
KIC_5192450,0,0.25403138,,,
KIC_5212312,0,0.25821596,,,
KIC_5296040,0,0.25821596,,,
KIC_5297117,0,0.25309168,,,
KIC_5341188,0,0.25821596,,,
KIC_5350800,0,0.25821596,,,
KIC_5364578,0,0.25821596,,,
KIC_5396984,0,0.25384088,,,
KIC_5427752,0,0.25821596,,,
KIC_5559280,0,0.24165937,,,
KIC_5698009,0,0.25821596,,,
KIC_5716763,0,0.25821596,,,
KIC_5736909,0,0.25821596,,,
KIC_5807846,0,0.25702214,,,
KIC_5809890,0,0.25821596,,,
KIC_5859725,0,0.25821596,,,
KIC_5894197,0,0.25821596,,,
KIC_5938255,0,0.25821596,,,
KIC_5941160,0,0.25821596,,,
KIC_5944707,0,0.22001865,,,
KIC_5991815,0,0.25821596,,,
KIC_6026138,0,0.25821596,,,
KIC_6035124,0,0.25821596,,,
KIC_6047482,0,0.25552823,,,
KIC_6107308,0,0.25821596,,,
KIC_6141529,0,0.25515742,,,
KIC_6187121,0,0.25821596,,,
KIC_6188427,0,0.25821596,,,
KIC_6208985,0,0.25821596,,,
KIC_6265665,0,0.25821596,,,
KIC_6266423,0,0.25821596,,,
KIC_6268648,0,0.25821596,,,
KIC_6272284,0,0.25821596,,,
KIC_6289257,0,0.25821596,,,
KIC_6304294,0,0.25498001,,,
KIC_6305665,0,0.25821596,,,
KIC_6372346,0,0.25821596,,,
KIC_6374248,0,0.25821596,,,
KIC_6381240,0,0.25821596,,,
KIC_6422390,0,0.25821596,,,
KIC_6431254,0,0.25821596,,,
KIC_6508221,0,0.25741547,,,
KIC_6582949,0,0.25821596,,,
KIC_6584971,0,0.25821596,,,
KIC_6627290,0,0.25821596,,,
KIC_6634112,0,0.25821596,,,
KIC_6664842,0,0.25821596,,,
KIC_6665695,0,0.25821596,,,
KIC_6697817,0,0.25821596,,,
KIC_6768394,0,0.25821596,,,
KIC_6779260,0,0.25821596,,,
KIC_6841696,0,0.25821596,,,
KIC_6842313,0,0.25821596,,,
KIC_6851708,0,0.25821596,,,
KIC_6853029,0,0.25821596,,,
KIC_6946708,0,0.25821596,,,
KIC_6949061,0,0.25821596,,,
KIC_6949198,0,0.25821596,,,
KIC_7044893,0,0.25679106,,,
KIC_7116234,0,0.25821596,,,
KIC_7135676,0,0.25821596,,,
KIC_7204360,0,0.25821596,,,
KIC_7205717,0,0.25821596,,,
KIC_7213876,0,0.25657558,,,
KIC_7256715,0,0.25451963,,,
KIC_7335881,0,0.25821596,,,
KIC_7345813,0,0.25821596,,,
KIC_7352971,0,0.25821596,,,
KIC_7373610,0,0.25821596,,,
KIC_7421448,0,0.25821596,,,
KIC_7524239,0,0.25821596,,,
KIC_7582689,0,0.25821596,,,
KIC_7585207,0,0.25821596,,,
KIC_7597226,0,0.25821596,,,
KIC_7610110,0,0.25821596,,,
KIC_7708458,0,0.25821596,,,
KIC_7761918,0,0.25821596,,,
KIC_7763491,0,0.25821596,,,
KIC_7766199,0,0.2571397,,,
KIC_7808587,0,0.25821596,,,
KIC_7904473,0,0.25821596,,,
KIC_7950097,0,0.25821596,,,
KIC_8041825,0,0.25465397,,,
KIC_8052298,0,0.25821596,,,
KIC_8081187,0,0.25821596,,,
KIC_8081899,0,0.2581348,,,
KIC_8115701,0,0.25462561,,,
KIC_8146482,0,0.25821596,,,
KIC_8165946,0,0.25821596,,,
KIC_8171971,0,0.25821596,,,
KIC_8263104,0,0.25636647,,,
KIC_8265428,0,0.25138196,,,
KIC_8299361,0,0.25821596,,,
KIC_8301878,0,0.25821596,,,
KIC_8315206,0,0.25008247,,,
KIC_8315266,0,0.25821596,,,
KIC_8360304,0,0.25821596,,,
KIC_8360415,0,0.25821596,,,
KIC_8460007,0,0.25821596,,,
KIC_8481242,0,0.25673998,,,
KIC_8493800,0,0.25821596,,,
KIC_8494617,0,0.25821596,,,
KIC_8520426,0,0.25821596,,,
KIC_8523328,0,0.25821596,,,
KIC_8540081,0,0.25821596,,,
KIC_8559152,0,0.25821596,,,
KIC_8564420,0,0.25821596,,,
KIC_8572665,0,0.25821596,,,
KIC_8607778,0,0.2545297,,,
KIC_8609667,0,0.25821596,,,
KIC_8631504,0,0.25821596,,,
KIC_8648352,0,0.25821596,,,
KIC_8742834,0,0.25821596,,,
KIC_8751783,0,0.25821596,,,
KIC_8802165,0,0.25486456,,,
KIC_8826303,0,0.25821596,,,
KIC_8837813,0,0.25821596,,,
KIC_8888956,0,0.25821596,,,
KIC_8894646,0,0.25821596,,,
KIC_8972058,0,0.25821596,,,
KIC_9003423,0,0.25821596,,,
KIC_9052348,0,0.24481442,,,
KIC_9076990,0,0.25821596,,,
KIC_9088531,0,0.25821596,,,
KIC_9098185,0,0.25821596,,,
KIC_9146018,0,0.25821596,,,
KIC_9222857,0,0.25821596,,,
KIC_9225385,0,0.25821596,,,
KIC_9329967,0,0.25821596,,,
KIC_9395908,0,0.25821596,,,
KIC_9413532,0,0.25600751,,,
KIC_9417931,0,0.25821596,,,
KIC_9519376,0,0.25821596,,,
KIC_9519499,0,0.25821596,,,
KIC_9521317,0,0.25821596,,,
KIC_9535182,0,0.25821596,,,
KIC_9597058,0,0.25821596,,,
KIC_9703633,0,0.25821596,,,
KIC_9705496,0,0.25015068,,,
KIC_9753528,0,0.25821596,,,
KIC_9764678,0,0.25821596,,,
KIC_9836563,0,0.25821596,,,
KIC_9933041,0,0.25821596,,,
KIC_9943009,0,0.25821596,,,
KIC_9957525,0,0.24567022,,,
KIC_9967771,0,0.25821596,,,
