split,star_id,label,candidate_count,best_period_days,best_score,best_sde,best_depth_ppm,best_duration_hours,best_epoch,best_n_transit_points,best_confidence,truth_period_days,top1_match,top3_match,top5_match,top10_match,period_error_percent
TRAIN,KIC_10057494,1,10,377.6675181881755,22.688125359720317,3.9700166614242383,5717.529427670343,24.0,159.44950556323562,14,0.30464441722788127,,False,False,False,False,
TRAIN,KIC_10094670,1,10,311.8471488337728,20.855920802059817,4.197364574579332,6494.425352438382,24.0,164.55413165883897,19,0.344382229379858,,False,False,False,False,
TRAIN,KIC_10581308,1,10,377.6675181881755,22.608439222916786,3.434424827699523,10852.805447022052,18.0,159.54263146235306,11,0.22212354546225987,,False,False,False,False,
TRAIN,KIC_10615440,1,10,184.17478520228426,27.376288261363477,3.9773568415005793,14231.040802733853,24.0,169.64170659636574,19,0.30585312340845355,,False,False,False,False,
TRAIN,KIC_10657406,1,10,343.1829523069431,13.94576559745668,4.045604336651083,7706.625730574346,36.0,343.32050611172747,19,0.3099377777667285,,False,False,False,False,
TRAIN,KIC_10904004,1,10,265.00196825736975,24.083953617782452,4.242557051551282,13183.616101384521,24.0,271.777319500452,28,0.34616733157901164,,False,False,False,False,
TRAIN,KIC_10928043,1,10,384.9695859884309,20.86022409250769,3.1269600254858267,3304.638602967369,36.0,439.03638800317043,25,0.1824381889102467,,False,False,False,False,
TRAIN,KIC_11017901,1,10,308.8754455615869,15.845625230196147,4.694196289544362,15651.123588936944,24.0,166.84040120922512,11,0.4386902836057279,,False,False,False,False,
TRAIN,KIC_11075737,1,10,245.46069353077348,22.772256382833866,4.164013905349874,2857.6231470768266,36.0,277.06824906545137,43,0.33824830255201277,,False,False,False,False,
TRAIN,KIC_11122894,1,10,280.67223734642766,28.925378441800213,4.485870846747962,8680.382095548444,36.0,338.86462863157976,38,0.3981166290691378,,False,False,False,False,
TRAIN,KIC_11125797,1,10,370.5039553402597,26.56653080533041,5.643425080281824,19477.256322234294,36.0,161.90532917713995,31,0.6065642166957693,,False,False,False,False,
TRAIN,KIC_11153121,1,10,184.17478520228426,14.883781815929465,4.30328176929216,16459.836016286645,36.0,166.2242967650713,25,0.33435089870197765,,False,False,False,False,
TRAIN,KIC_11355925,1,10,374.0685890211294,36.526664040823036,3.4762699413273412,12729.37711872113,36.0,162.9277789116752,27,0.22783941710218417,,False,False,False,False,
TRAIN,KIC_11361646,1,10,370.5039553402597,25.62882700680653,6.478279598546852,13025.257637508725,36.0,159.7337031327849,28,0.7517367024035854,,False,False,False,False,
TRAIN,KIC_11446443,1,10,64.24021127890458,14.653243740443589,4.032930427192316,6395.234113700687,4.0,167.1822806601507,22,0.3156023193788698,,False,False,False,False,
TRAIN,KIC_11666881,1,10,374.0685890211294,21.390808559490242,5.720644180099309,10486.044931816707,36.0,165.10538244925536,18,0.6394563239606854,,False,False,False,False,
TRAIN,KIC_12055539,1,10,187.7357394911158,20.56055956940581,3.341684484330531,13562.989809612014,36.0,162.49591252083823,33,0.2094701478900735,,False,False,False,False,
TRAIN,KIC_12300524,1,10,370.5039553402597,20.312495065211056,6.13073984631895,25642.261452749615,36.0,162.51018649944922,20,0.6932356497680073,,False,False,False,False,
TRAIN,KIC_1724719,1,10,370.5039553402597,18.71637715110056,4.0344922014018705,15278.309023869951,36.0,262.129722559495,24,0.3155773280909052,,False,False,False,False,
TRAIN,KIC_2853446,1,10,366.9732903315851,33.33625585919656,6.153233874148517,98609.03138869614,36.0,366.6048677594317,25,0.7146679834407118,,False,False,False,False,
TRAIN,KIC_2987027,1,10,381.3010727996713,16.91960269457299,4.391961838338355,14460.201182456278,36.0,262.21253234602193,33,0.380269988887149,,False,False,False,False,
TRAIN,KIC_2989404,1,10,377.6675181881755,18.857553329447054,6.258998148591112,14830.722308644796,36.0,268.80324456695575,32,0.7201522265278938,,False,False,False,False,
TRAIN,KIC_3098810,1,10,370.5039553402597,24.676835714617464,4.0051696398862155,32425.052488110894,36.0,353.91370710982386,15,0.3013843003096161,,False,False,False,False,
TRAIN,KIC_3440118,1,10,370.5039553402597,15.155864418415067,5.76521815002897,14878.349122106283,36.0,277.5692911908327,30,0.6274072801399008,,False,False,False,False,
TRAIN,KIC_3446746,1,10,374.0685890211294,23.670403830110136,7.846896153326642,21890.697016713202,36.0,267.39030478006214,30,0.8912836403495146,,False,False,False,False,
TRAIN,KIC_3541946,1,10,370.5039553402597,16.828531336436072,4.289895862011862,24447.16205709485,24.0,260.13974308190814,10,0.3433100278905628,,False,False,False,False,
TRAIN,KIC_4048898,1,10,349.81827323064635,30.01546175921477,3.15133882613045,6297.574607170064,36.0,310.4797727347302,27,0.1853639607924124,,False,False,False,False,
TRAIN,KIC_4820550,1,10,370.5039553402597,30.45261335774609,3.633592975865859,18725.326740869685,24.0,166.7903203024933,14,0.25082885369279617,,False,False,False,False,
TRAIN,KIC_5095635,1,10,381.3010727996713,25.691829836093724,4.345737998564648,47393.1991159805,36.0,355.30353753501424,21,0.3538941634450016,,False,False,False,False,
TRAIN,KIC_5716763,1,10,204.63150255048137,21.990629726499204,4.346243289498479,1704.286998464255,36.0,126.93359847616127,65,0.36839004153651317,,False,False,False,False,
TRAIN,KIC_5809890,1,10,180.68137476781695,20.717753213207246,3.9702848939745836,7639.189532430035,18.0,261.90617881946605,24,0.29866197670602385,,False,False,False,False,
TRAIN,KIC_5859725,1,10,374.0685890211294,15.70436728394506,4.592551098681365,4060.900674312307,36.0,250.58681294773194,27,0.4041114137379781,,False,False,False,False,
TRAIN,KIC_5941160,1,10,280.67223734642766,21.544423161367515,4.522946144546052,18646.74714594605,18.0,167.55626670606455,6,0.37163023304580595,,False,False,False,False,
TRAIN,KIC_6035124,1,10,377.6675181881755,14.25160856605236,3.3868736454271686,17706.772128868954,24.0,425.64331040176285,14,0.21557162701717297,,False,False,False,False,
TRAIN,KIC_6265665,1,10,377.6675181881755,21.985952946780277,5.821459101157323,9409.466283832435,24.0,172.7270826629618,25,0.6423198894892965,,False,False,False,False,
TRAIN,KIC_6268648,1,10,399.9999999999999,24.75631285356747,5.575149643980995,61014.16956050798,36.0,363.1176502957605,9,0.6120598616105779,,False,False,False,False,
TRAIN,KIC_6289257,1,10,374.0685890211294,33.519554117626264,5.563864755244681,10096.746715134941,36.0,349.21765402469583,14,0.588368951173608,,False,False,False,False,
TRAIN,KIC_6508221,1,10,317.8766030876754,27.633642477881825,3.4217168309509325,21948.704088182614,12.0,351.6050131090085,7,0.2204339536049493,,False,False,False,False,
TRAIN,KIC_6634112,1,10,366.9732903315851,15.128853131664222,6.646631934946123,29334.630123306284,36.0,276.2943614883395,18,0.7047180687473109,,False,False,False,False,
TRAIN,KIC_6664842,1,10,396.18825660802213,28.19570537834264,3.409195130472133,26508.92816348749,36.0,478.17777396907263,23,0.2135669285585499,,False,False,False,False,
TRAIN,KIC_6665695,1,10,353.18388911940644,20.89123941514527,3.704496660876515,28339.96696152652,24.0,181.0070513996967,18,0.2539347546911502,,False,False,False,False,
TRAIN,KIC_6697817,1,10,374.0685890211294,16.747225635923414,4.648518201670628,10813.956894148436,36.0,349.2318962133629,13,0.4296412720345988,,False,False,False,False,
TRAIN,KIC_6768394,1,10,384.9695859884309,13.515782088340108,3.6242497467563437,7151.1030372827245,24.0,324.18533328293245,12,0.24942654400447983,,False,False,False,False,
TRAIN,KIC_6779260,1,10,6.151778883955909,14.16361274545905,5.247961730159968,1482.2228578597053,36.0,122.84595688198728,1777,0.5445682444162563,,False,False,False,False,
TRAIN,KIC_6946708,1,10,374.0685890211294,14.898438244100696,4.58630929512977,9937.02361268911,36.0,349.5973423336785,11,0.41747868294327756,,False,False,False,False,
TRAIN,KIC_6949061,1,10,384.9695859884309,15.501556255527879,3.4967855355200275,6692.828633556691,24.0,324.1851497306617,13,0.23083092921775927,,False,False,False,False,
TRAIN,KIC_7205717,1,10,381.3010727996713,15.967613732671552,4.3904486850717275,7233.62536944272,24.0,335.75410287873285,16,0.3801203680564161,,False,False,False,False,
TRAIN,KIC_7582689,1,10,366.9732903315851,24.095661753184284,6.502778308716319,12130.052168891736,36.0,167.1281733744957,26,0.7679409270403067,,False,False,False,False,
TRAIN,KIC_7761918,1,10,370.5039553402597,15.9083318181977,6.935302752732548,14880.946031780695,36.0,256.2213997115517,13,0.7600127296930206,,False,False,False,False,
TRAIN,KIC_7808587,1,10,283.3725964009247,11.842235228314742,4.18591573395634,3880.8942214572094,36.0,330.62065233893975,36,0.33801277785451794,,False,False,False,False,
TRAIN,KIC_8081187,1,10,297.26913099959063,20.75725549742623,4.015942891686661,11706.471181826439,36.0,413.8895702975938,14,0.30319944370590457,,False,False,False,False,
TRAIN,KIC_8081899,1,10,270.1256875242522,24.543828744222655,4.716289927823221,3931.254705841103,24.0,370.5106675499441,28,0.4431463257566643,,False,False,False,False,
TRAIN,KIC_8165946,1,10,377.6675181881755,15.458149568773436,5.820131057483018,7613.721498228143,36.0,342.84381940898845,20,0.6419164261092453,,False,False,False,False,
TRAIN,KIC_8301878,1,10,374.0685890211294,14.328555262064736,4.179969888933817,4505.070345017348,36.0,332.7932765821936,32,0.3412205427679139,,False,False,False,False,
TRAIN,KIC_8494617,1,10,374.0685890211294,13.479233191695402,6.365654629394334,10065.930542623391,36.0,348.86659065313967,14,0.6944947768448925,,False,False,False,False,
TRAIN,KIC_8559152,1,10,370.5039553402597,10.58594319604396,4.129601333380487,5647.811082316045,36.0,170.5888712182683,33,0.3175061834703156,,False,False,False,False,
TRAIN,KIC_8631504,1,10,356.5818857360398,13.845328973794937,5.379938632417577,6196.060626549427,24.0,347.5853988887377,18,0.558930784492102,,False,False,False,False,
TRAIN,KIC_8802165,1,10,384.9695859884309,28.01769163482272,2.6976767530403265,26521.214149397565,1.0,352.0055742748982,5,0.1368134296487095,,False,False,False,False,
TRAIN,KIC_8894646,1,10,336.6734895419744,7.799688492705233,4.7597848144259345,6650.073072069773,1.0,326.64457635094243,5,0.4520439108297824,,False,False,False,False,
TRAIN,KIC_8972058,1,10,267.5515630131919,24.980798622812184,4.011360011161985,6283.397563849436,24.0,352.8171905031576,28,0.30013849888168,,False,False,False,False,
TRAIN,KIC_9146018,1,10,370.5039553402597,16.129846567889814,4.673695890313265,6663.173364392483,36.0,170.2272069497543,28,0.4267732946339313,,False,False,False,False,
TRAIN,KIC_9417931,1,10,370.5039553402597,18.797752316338567,4.395294741292508,5122.2666461937515,36.0,189.28443984758485,38,0.37602880677709105,,False,False,False,False,
TRAIN,KIC_9521317,1,10,374.0685890211294,16.400083794073574,5.415284147865326,6021.575369130838,24.0,349.76564975070534,9,0.5818216954215957,,False,False,False,False,
TRAIN,KIC_9597058,1,10,388.673394092354,14.282796871250294,5.783782150638288,6632.592566938933,36.0,454.9344491572961,20,0.6022115335410203,,False,False,False,False,
TRAIN,KIC_9836563,1,10,377.6675181881755,15.88315449398556,4.349779532812333,3186.3128372435767,24.0,425.64272819185817,12,0.3725065327566712,,False,False,False,False,
TRAIN,KIC_9943009,1,10,370.5039553402597,12.16453668753587,4.284219482374094,2714.56772902634,36.0,356.9264036549131,20,0.3601732401178439,,False,False,False,False,
TRAIN,KIC_9967771,1,10,327.14006970298936,39.93807188278733,5.555977501096045,164032.81559733785,36.0,436.1290177456872,11,0.6084695235386341,,False,False,False,False,
DEV,KIC_10319385,1,10,180.68137476781695,23.70699323478208,4.202452929871065,5964.492833527402,36.0,182.9134137439098,48,0.34526581535563916,,False,False,False,False,
DEV,KIC_10717220,1,10,4.3581138870774225,13.881202401533182,5.816698775678688,1777.7028870306078,12.0,132.00827983817467,912,0.6534019130303044,,False,False,False,False,
DEV,KIC_11253711,1,10,255.0442450153974,25.08738888058731,4.779587166565553,4805.479478204311,36.0,376.84242461418273,36,0.4554786821984623,,False,False,False,False,
DEV,KIC_11457664,1,10,238.51010217717217,18.152728018751908,3.207347662954369,5889.289788705177,18.0,162.37382833744775,21,0.1923297050058013,,False,False,False,False,
DEV,KIC_11774991,1,10,317.8766030876754,14.538700796651755,3.8953842898239786,6708.46991000007,36.0,210.09643819765654,23,0.29205162340280033,,False,False,False,False,
DEV,KIC_11804465,1,10,22.19347745607826,25.724577260416012,6.887691085310356,9696.642040137316,6.0,130.96398761159153,90,0.8094706674521701,,False,False,False,False,
DEV,KIC_2019199,1,10,377.6675181881755,29.627023816007185,5.497630361448656,33749.34730294832,36.0,253.95946676237782,26,0.5975147098574073,,False,False,False,False,
DEV,KIC_2857607,1,10,363.4762702954504,18.018618182409295,5.2973038191030435,16292.47181547444,36.0,283.07930794030733,26,0.5584922554114409,,False,False,False,False,
DEV,KIC_3634051,1,10,277.99761098138526,10.962088019126574,3.9585851017271056,18765.02006127867,24.0,260.6242177843035,9,0.28108786715485445,,False,False,False,False,
DEV,KIC_3756801,1,10,333.4652071694348,22.257260749002626,5.581072935768608,29954.25090421122,36.0,273.6584616438843,10,0.5790980758677836,,False,False,False,False,
DEV,KIC_3939150,1,10,336.6734895419744,18.674947217084213,3.562819756645619,19547.240852021197,36.0,273.9167039201389,34,0.2322272215087611,,False,False,False,False,
DEV,KIC_3964109,1,10,374.0685890211294,28.97908647657392,6.555284135417005,34553.23306473501,24.0,260.6464208380977,16,0.7512667298962615,,False,False,False,False,
DEV,KIC_4178389,1,10,377.6675181881755,17.32062134210649,5.073947434211654,29440.413724943104,24.0,254.51234208834867,27,0.5142233359576858,,False,False,False,False,
DEV,KIC_5042210,1,10,250.20658916685633,16.75850404422965,5.297817877220648,21226.063709069876,36.0,366.10268966144133,30,0.5492604329726328,,False,False,False,False,
DEV,KIC_5281113,1,10,363.4762702954504,30.26740014709639,3.5074465970852113,17024.211610179085,18.0,267.10604116918876,9,0.22179968524190746,,False,False,False,False,
DEV,KIC_5306984,1,10,6.391963529441809,19.264290226280544,9.247563157708502,7755.605276247968,24.0,121.46241714783042,1121,0.9586601471987807,,False,False,False,False,
DEV,KIC_6690082,1,10,384.9695859884309,28.265279712496845,4.285893707168419,9923.601056976206,18.0,323.9972272333364,9,0.36069931808592676,,False,False,False,False,
DEV,KIC_7690782,1,10,374.0685890211294,17.829443014168582,4.514737059552891,10016.207833857594,36.0,370.78452852801297,29,0.39681988313803573,,False,False,False,False,
DEV,KIC_9002278,1,10,210.5948137030016,20.830492007304933,3.7119103949959786,6553.51815071703,18.0,256.5534301556362,28,0.2628154737049287,,False,False,False,False,
DEV,KIC_9909735,1,10,14.28694214844406,14.976433382561442,4.653652792459963,2055.0212649923515,36.0,124.87756201704926,743,0.4228751264292993,,False,False,False,False,
DEV,KIC_9966219,1,10,374.0685890211294,24.118602150788607,4.25638627902934,9003.037739239495,36.0,433.2507279887833,25,0.3549454303907705,,False,False,False,False,
