feature,positive_median,negative_median,positive_mean,negative_mean,median_difference,positive_iqr,negative_iqr
sde,4.349779532812333,4.532335253736967,4.663525714355628,4.643409658469599,-0.18255572092463446,1.5516563026462613,1.3597421888765013
depth_ppm,10486.044931816708,12781.726549034365,16564.19646017592,29770.87824838923,-2295.681617217657,10736.899712142422,17299.356953457827
duration_hours,36.0,36.0,30.08955223880597,29.252475247524753,0.0,12.0,12.0
n_transit_points,20.0,21.5,47.67164179104478,42.381188118811885,-1.5,14.0,15.0
transit_count,3.0,3.0,6.895522388059701,6.98019801980198,0.0,1.0,1.0
local_snr,20.902953181599347,21.147382725459085,21.241704582792472,21.80319526325824,-0.24442954385973792,9.37156011174892,9.366095137925068
odd_even_difference,0.0088341750520973,0.01057330043397285,0.0188043019167005,0.029685293618028002,-0.0017391253818755496,0.013479919905524197,0.0169911820350021
quarter_recurrence,0.2222222222222222,0.2,0.22852104485115893,0.2289180174481572,0.0222222222222222,0.08431372549019608,0.06862745098039219
edge_fraction,0.0024232633279483,0.0024148115352011,0.002220652812476564,0.00219951117617417,8.451792747200381e-06,0.000774939250861,0.0009845363853650997
gap_fraction,0.0,0.01495347806823215,0.03530676320670501,0.042610510142696886,-0.01495347806823215,0.057189542483660094,0.064516129032258
period_days,370.5039553402597,366.9732903315851,333.9935682077105,331.4538374768299,3.530665008674646,61.00617764392837,59.02633915644168
selected_score,0.37281099253007266,0.40754304416585707,0.4364710133157299,0.4330549313443518,-0.03473205163578441,0.2987064599866289,0.25755224569426916
