star_id,candidate_count,period,epoch,depth_ppm,duration_hours,score,sde,transit_count,quarter_recurrence,edge_fraction,gap_fraction
STAR_0000,10,370.5039553402597,731.6146278478498,25671.906028728376,24.0,0.26040782381329747,3.696615825228328,4,0.23529411764705882,0.0016891891891891893,0.0
STAR_0001,10,377.6675181881755,542.0539300588799,29297.79717494685,24.0,0.28757621921107707,3.8675949863079913,2,0.125,0.0017955801104972376,0.0
STAR_0002,10,370.5039553402597,437.0021723193792,28548.704697201054,24.0,0.5773892833209502,5.6242955352333,3,0.17647058823529413,0.0016809076901526825,0.14285714285714285
STAR_0003,10,275.3484720897755,352.53431577303456,45836.89675678937,24.0,0.3842856130551931,4.487526564052433,3,0.16666666666666666,0.001999428734647244,0.07142857142857142
STAR_0004,10,185.94673833000732,494.39306527036547,25547.816821147375,24.0,0.8970771498361918,7.7172074111893965,4,0.2222222222222222,0.0017634462778687492,0.0
STAR_0005,10,384.9695859884309,532.7584417695365,16640.091903078803,24.0,0.5593628710319227,5.45120813786323,4,0.23529411764705882,0.001599786695107319,0.1
STAR_0006,10,384.9695859884309,722.4888153190894,8846.250430079583,24.0,0.26707841570536683,3.739906622205191,4,0.2857142857142857,0.002082519849017311,0.0
STAR_0007,10,327.14006970298936,523.7640842522675,23012.311667025664,24.0,0.26727375509684465,3.7407586975498845,2,0.11764705882352941,0.0016194331983805667,0.0
STAR_0008,10,255.0442450153974,295.27424831558017,8457.917236438072,24.0,0.3196438036996898,4.057833922572334,2,0.14285714285714285,0.002279125888188765,0.0
STAR_0009,10,384.9695859884309,400.08371376223886,8736.675056532638,24.0,0.4436529657467359,4.719058944479948,3,0.17647058823529413,0.001775297996449404,0.0
STAR_0010,10,388.673394092354,249.0207359296961,5299.134135662409,24.0,0.5220574231131629,5.112448892922274,3,0.17647058823529413,0.0015970188980569604,0.0
STAR_0011,10,366.9732903315851,208.62875358616336,26506.007086254613,1.0,0.5058004538734338,5.029347512151138,1,0.05555555555555555,0.00027192386131883074,0.0
STAR_0012,10,265.00196825736975,157.9370052999331,17199.18222624983,24.0,0.2842407356602344,3.8473801149109086,2,0.14285714285714285,0.002040518874799592,0.0
STAR_0013,10,353.18388911940644,360.1763707917576,5025.082967904382,18.0,0.1808490971363054,3.112756037840307,3,0.16666666666666666,0.001326787846623325,0.0
STAR_0014,10,370.5039553402597,704.8887855126853,114096.5576484776,24.0,0.5368023962152028,5.329993044788411,2,0.11764705882352941,0.001990049751243781,0.1
STAR_0015,10,277.99761098138526,530.7751751913981,8057.157520959368,18.0,0.34842395029709894,4.2188083632082,4,0.23529411764705882,0.0013296104241457252,0.0
STAR_0016,10,360.01257461685185,430.35997162922877,18931.147697855977,1.0,0.18863019767034153,3.1765401548104975,1,0.05555555555555555,0.00027192386131883074,0.0
STAR_0017,10,384.9695859884309,466.66441267890843,25577.68391367665,24.0,0.7013084866953333,6.070381698206042,3,0.17647058823529413,0.0016517549896765313,0.0
STAR_0018,10,399.9999999999999,182.88418579077177,8053.818113182842,18.0,0.4999442015874549,5.0017149361572955,3,0.21428571428571427,0.001594048884165781,0.0
STAR_0019,10,182.41971765112476,528.5188139201443,24153.791417994897,24.0,0.2531830680495216,3.6866876696390705,4,0.2857142857142857,0.002246003435064077,0.043478260869565216
STAR_0020,10,377.6675181881755,355.82925825199743,5761.044838527574,24.0,0.3442767912751819,4.196395898576712,3,0.16666666666666666,0.0018472093943792058,0.0
STAR_0021,10,370.5039553402597,189.76212495727418,40766.21011460124,24.0,0.42841715707373285,4.6415885706034725,3,0.16666666666666666,0.0018080847216841018,0.0
STAR_0022,10,366.9732903315851,548.7448841558021,13327.940888605894,1.0,0.1414735608848969,2.746301959685689,1,0.07142857142857142,0.000251004016064257,0.0
STAR_0023,10,392.4128366852597,435.89528882165996,10418.180110852603,24.0,0.37176239754855456,4.41431355324282,4,0.3076923076923077,0.001963350785340314,0.06666666666666667
STAR_0024,10,327.14006970298936,198.89648725031242,9433.139237572163,24.0,0.198000936945315,3.2530454385294125,5,0.35714285714285715,0.00203903291581707,0.0
STAR_0025,10,399.9999999999999,493.47313554930975,5722.987616445629,24.0,0.2687593519348812,3.7502874240526767,3,0.16666666666666666,0.0016899028305872412,0.0
STAR_0026,10,37.22018858487146,185.34219405851061,4175.6200774834,1.0,0.14503699130357006,2.782609353444374,6,0.29411764705882354,0.00026820437173125924,0.0
STAR_0027,10,180.68137476781695,514.8777473088902,6287.679972133642,24.0,0.47306041741541727,4.867606903206792,6,0.42857142857142855,0.0020512820512820513,0.0
STAR_0028,10,346.4847295021964,587.6122850263677,19939.817451813724,18.0,0.36482520451863903,4.3082103108805185,1,0.05555555555555555,0.0013333333333333333,0.0
STAR_0029,10,381.3010727996713,546.1803024416078,15200.075461472396,24.0,0.49021569604048915,4.953334203523436,3,0.17647058823529413,0.0018433179723502304,0.0
STAR_0030,10,370.5039553402597,516.0413252412895,6126.8681202414355,24.0,0.5813242502479379,5.412703864728348,3,0.16666666666666666,0.001632208922742111,0.0
STAR_0031,10,291.63055738627867,440.44973212987065,8047.764121625445,18.0,0.19720769786582348,3.2462415343572077,4,0.23529411764705882,0.0013349352556401015,0.0
STAR_0032,10,392.4128366852597,416.4184512101517,101156.53591310547,1.0,0.27448729549350254,3.7852563621127713,0,0.0,0.00025926886180969663,0.0
STAR_0033,10,275.3484720897755,626.374126865463,3324.0413559951776,12.0,0.1635258373143054,2.9603127510372738,4,0.2222222222222222,0.0007941760423560556,0.0
STAR_0034,10,333.4652071694348,504.7642190972873,43784.53450044617,24.0,0.3288451540947947,4.109917103074667,3,0.17647058823529413,0.0018063081839655411,0.0
STAR_0035,10,377.6675181881755,113.03544071018632,24921.478635116513,24.0,0.3540010818785778,4.249831940224215,4,0.23529411764705882,0.0017603249830737983,0.0
STAR_0036,10,377.6675181881755,241.01075578539422,19618.529731172617,24.0,0.5308616435667718,5.237903436600591,3,0.17647058823529413,0.0017873100983020554,0.058823529411764705
STAR_0037,10,396.18825660802213,729.6284642522353,8115.259885335014,24.0,0.17198874387300103,3.036976337951269,3,0.17647058823529413,0.0019509476031215162,0.0
STAR_0038,10,381.3010727996713,476.880689673066,9859.49355431004,24.0,0.3337504622873309,4.137637012495969,2,0.11764705882352941,0.0018379753994061925,0.0
STAR_0039,10,377.6675181881755,618.6109328444709,16743.142334111006,24.0,0.500610656208172,5.005595106357149,2,0.14285714285714285,0.002028911995942176,0.0
STAR_0040,10,384.9695859884309,482.03693513015264,10227.033338916614,18.0,0.27382431504060667,3.782019124526698,3,0.17647058823529413,0.0013363624214887077,0.0
STAR_0041,10,370.5039553402597,243.37294483560868,6922.13799811725,18.0,0.47162798794177563,4.9474238219569715,3,0.21428571428571427,0.001596053395240859,0.07142857142857142
STAR_0042,10,374.0685890211294,706.5890618292268,57389.13100978582,24.0,0.6798319569971698,5.945992426414969,3,0.23076923076923078,0.0024250159540523293,0.0
STAR_0043,10,370.5039553402597,164.74761401579937,19857.294968427475,24.0,0.2180748905972751,3.4051125007831917,4,0.23529411764705882,0.0015793629902605948,0.0
STAR_0044,10,291.63055738627867,761.9558197861837,16409.45293858653,24.0,0.27703366210558966,3.802420974275119,3,0.17647058823529413,0.0016769144773616546,0.0
STAR_0045,10,384.9695859884309,423.3042867826443,10554.480717733682,24.0,0.5189724567122683,5.09699403246615,3,0.17647058823529413,0.0016042780748663102,0.0
STAR_0046,10,360.01257461685185,253.42502457770308,20113.58471888036,24.0,0.5895306911490432,5.455835521341617,2,0.13333333333333333,0.0021667091511598266,0.0
STAR_0047,10,374.0685890211294,223.1003580521993,69359.93989873168,18.0,0.25809430114721066,3.681355441633266,2,0.14285714285714285,0.001455604075691412,0.0
STAR_0048,10,374.0685890211294,254.13544119042388,9207.669932283614,24.0,0.44968421197135444,4.797870483733176,4,0.2222222222222222,0.001783893985728848,0.041666666666666664
STAR_0049,10,255.0442450153974,245.02309280812293,11286.30004738318,12.0,0.3058537229089428,3.9762453878942625,2,0.11764705882352941,0.0007939658594680428,0.0
STAR_0050,10,370.5039553402597,172.5264394007295,66775.54653151096,24.0,0.5903840996061359,5.534592517559834,4,0.23529411764705882,0.0017656703241266238,0.047619047619047616
STAR_0051,10,349.81827323064635,488.84096847959376,19533.982007323815,24.0,0.7958105878682137,7.754541968682352,3,0.17647058823529413,0.002139441228290964,0.23076923076923078
STAR_0052,10,182.41971765112476,399.88483045173336,4803.952111046783,24.0,0.7254706076785029,6.658998636504127,8,0.47058823529411764,0.0022627278441231928,0.16216216216216217
STAR_0053,10,374.0685890211294,528.8888328280477,9676.969533074953,24.0,0.6253925630248526,5.643394910058701,3,0.16666666666666666,0.0016576875259013675,0.0
STAR_0054,10,370.5039553402597,326.23366679285596,8718.993463584624,24.0,0.6662573641494147,5.867922283485832,4,0.2222222222222222,0.002020712301086133,0.0
STAR_0055,10,384.9695859884309,706.1110857330087,20585.849965453872,24.0,0.5168322224997102,5.087365122288374,1,0.07142857142857142,0.002449214810546031,0.0
STAR_0056,10,384.9695859884309,254.7113821373541,20224.039695481923,18.0,0.2715371099430686,3.767617029469281,2,0.11764705882352941,0.0013564839934888768,0.0
STAR_0057,10,327.14006970298936,545.1308921448976,18402.331644877257,24.0,0.4109962314321895,4.620273853400214,4,0.23529411764705882,0.0017864504603545418,0.0625
STAR_0058,10,377.6675181881755,394.56057207429524,4783.526474117616,24.0,0.29295697754438077,3.9005221138799895,2,0.14285714285714285,0.002096161404428141,0.0
STAR_0059,10,370.5039553402597,298.17222625346506,24454.680556642015,24.0,0.5986108918716447,5.502257568767398,3,0.17647058823529413,0.0017045454545454545,0.0
STAR_0060,10,191.3655435708306,405.85353761986977,37690.65249844061,1.0,0.16970451293934022,3.015563503850949,1,0.07142857142857142,0.00028839221341023794,0.0
STAR_0061,10,399.9999999999999,282.3223027340602,11921.668274218368,24.0,0.4065998099292132,4.529321268415712,4,0.2222222222222222,0.0017748478701825558,0.0
STAR_0062,10,356.5818857360398,518.4431678601562,163572.0060552558,1.0,0.2095889485105103,3.3409594926360118,1,0.058823529411764705,0.00027266530334015,0.0
STAR_0063,10,12.982411115108292,416.74333805255117,1132.9236380056561,4.0,0.8624808309667686,7.398188183983561,93,1.0,0.0002777392028884877,0.021505376344086023
STAR_0064,10,277.99761098138526,424.875747903662,9823.953017985332,24.0,0.39565252583387767,4.472137153321229,5,0.2777777777777778,0.0015976567700705631,0.0
STAR_0065,10,336.6734895419744,349.47163941444944,9952.101975668536,24.0,0.38859733454538675,4.435174051362462,4,0.2222222222222222,0.001651300399064263,0.0
STAR_0066,10,346.4847295021964,228.86405521649672,15914.315444605976,24.0,0.24298320514041083,3.6208236778362908,4,0.2222222222222222,0.0016440608302507192,0.047619047619047616
STAR_0067,10,187.7357394911158,313.85376260182943,8595.534749566092,8.0,0.17778649639936162,3.086310821549045,4,0.26666666666666666,0.0007651109410864575,0.0
STAR_0068,10,377.6675181881755,231.37017651075365,17164.18350904514,24.0,0.6212225207160371,5.621098378577279,4,0.23529411764705882,0.0016181229773462784,0.0
STAR_0069,10,92.43275300406248,167.06626966350993,11617.025520897383,24.0,0.2953587392387829,3.9901977957309542,13,0.7647058823529411,0.0021639166892074655,0.0821917808219178
STAR_0070,10,370.5039553402597,183.2542651015049,20536.439290127495,24.0,0.29370085502019366,3.9045473668957618,4,0.23529411764705882,0.0015741833923652105,0.0
STAR_0071,10,381.3010727996713,198.85237616044043,13692.441630704378,24.0,0.611611299501499,5.570232941206426,4,0.2222222222222222,0.001626457034426674,0.0
STAR_0072,10,303.01672443811464,484.4834916416743,11293.215849940141,18.0,0.36781470647163933,4.32434782668121,4,0.23529411764705882,0.0013666803334700013,0.0
STAR_0073,10,193.20667927839406,98.10831224281158,57705.42443514703,18.0,0.29469888429811775,3.910362914562398,7,0.4117647058823529,0.0013550135501355014,0.0
STAR_0074,10,189.54195270543454,385.5156396945012,21618.929531620368,24.0,0.2845817941512678,3.8800833949418982,4,0.26666666666666666,0.0021557918942224775,0.034482758620689655
STAR_0075,10,370.5039553402597,407.37973526187966,3856.161596722085,24.0,0.3982477866541582,4.544794559683199,4,0.23529411764705882,0.0015883520847121111,0.05555555555555555
STAR_0076,10,353.18388911940644,588.3832872764217,35619.603768554996,1.0,0.3489259597977261,4.220554006788271,2,0.1111111111111111,0.00026928773394371884,0.0
STAR_0077,10,384.9695859884309,326.94992277845336,25603.256909145555,24.0,0.31351119505606506,4.066451707161503,3,0.21428571428571427,0.0021941854086670325,0.047619047619047616
STAR_0078,10,374.0685890211294,588.3507095773061,8877.861797864207,24.0,0.5823761968016635,5.495582798322516,4,0.23529411764705882,0.001771117166212534,0.05
STAR_0079,10,259.97543522762913,450.7351040475594,4059.649125957132,24.0,0.3441556040392074,4.195648660586222,5,0.2777777777777778,0.0017677454446559696,0.0
STAR_0080,10,377.6675181881755,608.8951494948203,6656.037697009953,18.0,0.22862765959019693,3.4809803517453046,2,0.11764705882352941,0.0013273161667109105,0.0
STAR_0081,10,374.0685890211294,311.8929072452212,14197.248724022947,24.0,0.454902120373189,4.890237258007843,4,0.2222222222222222,0.0017333333333333333,0.09523809523809523
STAR_0082,10,384.9695859884309,282.8483544099631,2859.3430290584365,24.0,0.39581872630545584,4.521004327611929,4,0.23529411764705882,0.001639792292976223,0.045454545454545456
STAR_0083,10,339.91263893020425,217.3839083655354,41353.7230209613,12.0,0.3815360261380018,4.397475415538962,1,0.07142857142857142,0.0012536041118214867,0.0
STAR_0084,10,388.673394092354,660.0106581820902,8964.57756440272,18.0,0.38549521746959603,4.418707218485427,1,0.07142857142857142,0.0015398434492493263,0.0
STAR_0085,10,370.5039553402597,363.6287985359708,955.2810121973288,24.0,0.3802042245155617,4.390864277713858,4,0.2222222222222222,0.0017006802721088435,0.0
STAR_0086,10,384.9695859884309,368.6864566711602,12336.710112411996,24.0,0.23933374351624906,3.556024313832329,3,0.16666666666666666,0.0017563668297578723,0.0
