threshold,precision,recall,f1,average_precision,positive_predictions,tp,fp,fn
0.0,0.24907063197026022,1.0,0.3988095238095238,0.26605156470361613,269,67,202,0
0.01,0.24907063197026022,1.0,0.3988095238095238,0.26605156470361613,269,67,202,0
0.02,0.24907063197026022,1.0,0.3988095238095238,0.26605156470361613,269,67,202,0
0.03,0.24907063197026022,1.0,0.3988095238095238,0.26605156470361613,269,67,202,0
0.04,0.24907063197026022,1.0,0.3988095238095238,0.26605156470361613,269,67,202,0
0.05,0.24907063197026022,1.0,0.3988095238095238,0.26605156470361613,269,67,202,0
0.06,0.24907063197026022,1.0,0.3988095238095238,0.26605156470361613,269,67,202,0
0.07,0.24907063197026022,1.0,0.3988095238095238,0.26605156470361613,269,67,202,0
0.08,0.24907063197026022,1.0,0.3988095238095238,0.26605156470361613,269,67,202,0
0.09,0.24907063197026022,1.0,0.3988095238095238,0.26605156470361613,269,67,202,0
0.1,0.24907063197026022,1.0,0.3988095238095238,0.26605156470361613,269,67,202,0
0.1099000028660878,0.24907063197026022,1.0,0.3988095238095238,0.26605156470361613,269,67,202,0
0.11,0.25,1.0,0.4,0.26605156470361613,268,67,201,0
0.11543796519415873,0.25,1.0,0.4,0.26605156470361613,268,67,201,0
0.12,0.250936329588015,1.0,0.40119760479041916,0.26605156470361613,267,67,200,0
0.12272579045548457,0.250936329588015,1.0,0.40119760479041916,0.26605156470361613,267,67,200,0
0.13,0.2518796992481203,1.0,0.40240240240240244,0.26605156470361613,266,67,199,0
0.1358933420138435,0.2518796992481203,1.0,0.40240240240240244,0.26605156470361613,266,67,199,0
0.13614187312988127,0.2528301886792453,1.0,0.4036144578313253,0.26605156470361613,265,67,198,0
0.14,0.25,0.9850746268656716,0.3987915407854985,0.26605156470361613,264,66,198,1
0.1483043787737199,0.25,0.9850746268656716,0.3987915407854985,0.26605156470361613,264,66,198,1
0.15,0.2509505703422053,0.9850746268656716,0.4,0.26605156470361613,263,66,197,1
0.1544476398494125,0.2509505703422053,0.9850746268656716,0.4,0.26605156470361613,263,66,197,1
0.15635113510876958,0.25190839694656486,0.9850746268656716,0.40121580547112456,0.26605156470361613,262,66,196,1
0.16,0.25287356321839083,0.9850746268656716,0.40243902439024387,0.26605156470361613,261,66,195,1
0.16372314296062107,0.25287356321839083,0.9850746268656716,0.40243902439024387,0.26605156470361613,261,66,195,1
0.16472916261389564,0.25384615384615383,0.9850746268656716,0.40366972477064217,0.26605156470361613,260,66,194,1
0.16649218628566725,0.2548262548262548,0.9850746268656716,0.4049079754601227,0.26605156470361613,259,66,193,1
0.1687001435777815,0.2558139534883721,0.9850746268656716,0.40615384615384614,0.26605156470361613,258,66,192,1
0.17,0.25680933852140075,0.9850746268656716,0.4074074074074074,0.26605156470361613,257,66,191,1
0.18,0.25680933852140075,0.9850746268656716,0.4074074074074074,0.26605156470361613,257,66,191,1
0.18148456044452776,0.25680933852140075,0.9850746268656716,0.4074074074074074,0.26605156470361613,257,66,191,1
0.19,0.2578125,0.9850746268656716,0.40866873065015485,0.26605156470361613,256,66,190,1
0.19445834755611746,0.2578125,0.9850746268656716,0.40866873065015485,0.26605156470361613,256,66,190,1
0.1971464264343139,0.25882352941176473,0.9850746268656716,0.4099378881987578,0.26605156470361613,255,66,189,1
0.2,0.2559055118110236,0.9701492537313433,0.40498442367601245,0.26605156470361613,254,65,189,2
0.2032482377869911,0.2559055118110236,0.9701492537313433,0.40498442367601245,0.26605156470361613,254,65,189,2
0.20606337735676336,0.25691699604743085,0.9701492537313433,0.40625000000000006,0.26605156470361613,253,65,188,2
0.20703870413142572,0.25793650793650796,0.9701492537313433,0.40752351097178685,0.26605156470361613,252,65,187,2
0.20761855572792187,0.2549800796812749,0.9552238805970149,0.40251572327044033,0.26605156470361613,251,64,187,3
0.20951261679996427,0.256,0.9552238805970149,0.4037854889589906,0.26605156470361613,250,64,186,3
0.21,0.25301204819277107,0.9402985074626866,0.39873417721518983,0.26605156470361613,249,63,186,4
0.216117107990197,0.25301204819277107,0.9402985074626866,0.39873417721518983,0.26605156470361613,249,63,186,4
0.2176969077919536,0.2540322580645161,0.9402985074626866,0.39999999999999997,0.26605156470361613,248,63,185,4
0.22,0.25101214574898784,0.9253731343283582,0.39490445859872614,0.26605156470361613,247,62,185,5
0.2205220801855483,0.25101214574898784,0.9253731343283582,0.39490445859872614,0.26605156470361613,247,62,185,5
0.22174441976415077,0.24796747967479674,0.9104477611940298,0.389776357827476,0.26605156470361613,246,61,185,6
0.22233469107378798,0.24489795918367346,0.8955223880597015,0.38461538461538464,0.26605156470361613,245,60,185,7
0.22408205649801402,0.2459016393442623,0.8955223880597015,0.38585209003215437,0.26605156470361613,244,60,184,7
0.22848605303072103,0.24279835390946503,0.8805970149253731,0.38064516129032255,0.26605156470361613,243,59,184,8
0.22849881028815133,0.24380165289256198,0.8805970149253731,0.38187702265372164,0.26605156470361613,242,59,183,8
0.22883102605401293,0.24481327800829875,0.8805970149253731,0.38311688311688313,0.26605156470361613,241,59,182,8
0.23,0.24583333333333332,0.8805970149253731,0.3843648208469056,0.26605156470361613,240,59,181,8
0.23146423217578485,0.24583333333333332,0.8805970149253731,0.3843648208469056,0.26605156470361613,240,59,181,8
0.23154044593200332,0.24686192468619247,0.8805970149253731,0.38562091503267976,0.26605156470361613,239,59,180,8
0.2323900848555042,0.24789915966386555,0.8805970149253731,0.3868852459016393,0.26605156470361613,238,59,179,8
0.23320564080146755,0.24472573839662448,0.8656716417910447,0.3815789473684211,0.26605156470361613,237,58,179,9
0.23385098837758914,0.2457627118644068,0.8656716417910447,0.3828382838283828,0.26605156470361613,236,58,178,9
0.234397234835378,0.24680851063829787,0.8656716417910447,0.3841059602649007,0.26605156470361613,235,58,177,9
0.2352838443709793,0.24786324786324787,0.8656716417910447,0.3853820598006645,0.26605156470361613,234,58,176,9
0.23542671115114322,0.24892703862660945,0.8656716417910447,0.38666666666666666,0.26605156470361613,233,58,175,9
0.24,0.25,0.8656716417910447,0.3879598662207358,0.26605156470361613,232,58,174,9
0.24244837973165925,0.25,0.8656716417910447,0.3879598662207358,0.26605156470361613,232,58,174,9
0.24615906977760427,0.2510822510822511,0.8656716417910447,0.3892617449664429,0.26605156470361613,231,58,173,9
0.24775803528146106,0.25217391304347825,0.8656716417910447,0.3905723905723905,0.26605156470361613,230,58,172,9
0.24805335834480305,0.25327510917030566,0.8656716417910447,0.39189189189189183,0.26605156470361613,229,58,171,9
0.25,0.25,0.8507462686567164,0.3864406779661017,0.26605156470361613,228,57,171,10
0.25121039017369823,0.25,0.8507462686567164,0.3864406779661017,0.26605156470361613,228,57,171,10
0.2519408987573312,0.24669603524229075,0.835820895522388,0.380952380952381,0.26605156470361613,227,56,171,11
0.2557439454647139,0.24336283185840707,0.8208955223880597,0.37542662116040953,0.26605156470361613,226,55,171,12
0.25706278048372744,0.24444444444444444,0.8208955223880597,0.3767123287671233,0.26605156470361613,225,55,170,12
0.2598294270078836,0.24553571428571427,0.8208955223880597,0.37800687285223367,0.26605156470361613,224,55,169,12
0.26,0.24663677130044842,0.8208955223880597,0.37931034482758624,0.26605156470361613,223,55,168,12
0.2616390485985865,0.24663677130044842,0.8208955223880597,0.37931034482758624,0.26605156470361613,223,55,168,12
0.2647904864830376,0.24324324324324326,0.8059701492537313,0.37370242214532867,0.26605156470361613,222,54,168,13
0.26895285567177235,0.2398190045248869,0.7910447761194029,0.3680555555555556,0.26605156470361613,221,53,168,14
0.27,0.2409090909090909,0.7910447761194029,0.3693379790940767,0.26605156470361613,220,53,167,14
0.27038120530681437,0.2409090909090909,0.7910447761194029,0.3693379790940767,0.26605156470361613,220,53,167,14
0.2725568669032039,0.2420091324200913,0.7910447761194029,0.37062937062937057,0.26605156470361613,219,53,166,14
0.2730863633366081,0.24311926605504589,0.7910447761194029,0.3719298245614035,0.26605156470361613,218,53,165,14
0.2761548336777719,0.24423963133640553,0.7910447761194029,0.37323943661971826,0.26605156470361613,217,53,164,14
0.28,0.24537037037037038,0.7910447761194029,0.3745583038869258,0.26605156470361613,216,53,163,14
0.28134199056691533,0.24537037037037038,0.7910447761194029,0.3745583038869258,0.26605156470361613,216,53,163,14
0.28359511868022713,0.24651162790697675,0.7910447761194029,0.3758865248226951,0.26605156470361613,215,53,162,14
0.28448706855695344,0.24766355140186916,0.7910447761194029,0.37722419928825623,0.26605156470361613,214,53,161,14
0.2875872039503611,0.24882629107981222,0.7910447761194029,0.3785714285714286,0.26605156470361613,213,53,160,14
0.2888929215092362,0.25,0.7910447761194029,0.3799283154121864,0.26605156470361613,212,53,159,14
0.29,0.25118483412322273,0.7910447761194029,0.38129496402877694,0.26605156470361613,211,53,158,14
0.2901614953727796,0.25118483412322273,0.7910447761194029,0.38129496402877694,0.26605156470361613,211,53,158,14
0.291060576789329,0.2523809523809524,0.7910447761194029,0.3826714801444044,0.26605156470361613,210,53,157,14
0.2918016282046758,0.2535885167464115,0.7910447761194029,0.38405797101449274,0.26605156470361613,209,53,156,14
0.29233205611295227,0.2548076923076923,0.7910447761194029,0.3854545454545454,0.26605156470361613,208,53,155,14
0.2923822299052919,0.2560386473429952,0.7910447761194029,0.3868613138686131,0.26605156470361613,207,53,154,14
0.2929076803252439,0.25728155339805825,0.7910447761194029,0.3882783882783883,0.26605156470361613,206,53,153,14
0.293294649158047,0.25853658536585367,0.7910447761194029,0.3897058823529412,0.26605156470361613,205,53,152,14
0.2933143959870987,0.25980392156862747,0.7910447761194029,0.3911439114391144,0.26605156470361613,204,53,151,14
0.2946744299145705,0.26108374384236455,0.7910447761194029,0.3925925925925926,0.26605156470361613,203,53,150,14
0.2991744464926892,0.2623762376237624,0.7910447761194029,0.3940520446096654,0.26605156470361613,202,53,149,14
0.3,0.263681592039801,0.7910447761194029,0.39552238805970147,0.26605156470361613,201,53,148,14
0.3008157316892002,0.263681592039801,0.7910447761194029,0.39552238805970147,0.26605156470361613,201,53,148,14
0.3017330360861518,0.265,0.7910447761194029,0.3970037453183521,0.26605156470361613,200,53,147,14
0.30269870935639587,0.2663316582914573,0.7910447761194029,0.3984962406015037,0.26605156470361613,199,53,146,14
0.3061261019764554,0.2676767676767677,0.7910447761194029,0.4,0.26605156470361613,198,53,145,14
0.3074709300745868,0.2639593908629442,0.7761194029850746,0.393939393939394,0.26605156470361613,197,52,145,15
0.30824079393512266,0.2602040816326531,0.7611940298507462,0.38783269961977185,0.26605156470361613,196,51,145,16
0.3093613402203794,0.26153846153846155,0.7611940298507462,0.3893129770992367,0.26605156470361613,195,51,144,16
0.31,0.25773195876288657,0.746268656716418,0.3831417624521073,0.26605156470361613,194,50,144,17
0.31030837098448993,0.25773195876288657,0.746268656716418,0.3831417624521073,0.26605156470361613,194,50,144,17
0.31381254637297673,0.25906735751295334,0.746268656716418,0.38461538461538464,0.26605156470361613,193,50,143,17
0.31416690493298877,0.2604166666666667,0.746268656716418,0.38610038610038616,0.26605156470361613,192,50,142,17
0.3170900690950834,0.25654450261780104,0.7313432835820896,0.37984496124031003,0.26605156470361613,191,49,142,18
0.31734194910567365,0.2578947368421053,0.7313432835820896,0.3813229571984436,0.26605156470361613,190,49,141,18
0.31836549096970884,0.25396825396825395,0.7164179104477612,0.37499999999999994,0.26605156470361613,189,48,141,19
0.3189230475515668,0.25,0.7014925373134329,0.3686274509803922,0.26605156470361613,188,47,141,20
0.319547224956193,0.25133689839572193,0.7014925373134329,0.3700787401574803,0.26605156470361613,187,47,140,20
0.31962137162859083,0.25268817204301075,0.7014925373134329,0.37154150197628455,0.26605156470361613,186,47,139,20
0.32,0.25405405405405407,0.7014925373134329,0.373015873015873,0.26605156470361613,185,47,138,20
0.32007591186761,0.25405405405405407,0.7014925373134329,0.373015873015873,0.26605156470361613,185,47,138,20
0.3210896047401388,0.25,0.6865671641791045,0.3665338645418327,0.26605156470361613,184,46,138,21
0.3217562152003613,0.25136612021857924,0.6865671641791045,0.36799999999999994,0.26605156470361613,183,46,137,21
0.32177743113704177,0.25274725274725274,0.6865671641791045,0.3694779116465864,0.26605156470361613,182,46,136,21
0.32296365370253444,0.2541436464088398,0.6865671641791045,0.3709677419354839,0.26605156470361613,181,46,135,21
0.32317424920533705,0.25555555555555554,0.6865671641791045,0.3724696356275304,0.26605156470361613,180,46,134,21
0.3241649987868693,0.25139664804469275,0.6716417910447762,0.3658536585365854,0.26605156470361613,179,45,134,22
0.3292714642662444,0.25280898876404495,0.6716417910447762,0.3673469387755102,0.26605156470361613,178,45,133,22
0.3294662682502705,0.24858757062146894,0.6567164179104478,0.36065573770491804,0.26605156470361613,177,44,133,23
0.32999298803999966,0.24431818181818182,0.6417910447761194,0.35390946502057613,0.26605156470361613,176,43,133,24
0.33,0.24571428571428572,0.6417910447761194,0.35537190082644626,0.26605156470361613,175,43,132,24
0.33170410007786133,0.24571428571428572,0.6417910447761194,0.35537190082644626,0.26605156470361613,175,43,132,24
0.3346030101747871,0.2471264367816092,0.6417910447761194,0.3568464730290457,0.26605156470361613,174,43,131,24
0.34,0.24855491329479767,0.6417910447761194,0.35833333333333334,0.26605156470361613,173,43,130,24
0.3410450575222937,0.24855491329479767,0.6417910447761194,0.35833333333333334,0.26605156470361613,173,43,130,24
0.3442140796021398,0.25,0.6417910447761194,0.3598326359832636,0.26605156470361613,172,43,129,24
0.34628844045186474,0.25146198830409355,0.6417910447761194,0.36134453781512604,0.26605156470361613,171,43,128,24
0.3481484609988763,0.2529411764705882,0.6417910447761194,0.3628691983122363,0.26605156470361613,170,43,127,24
0.35000000000000003,0.25443786982248523,0.6417910447761194,0.364406779661017,0.26605156470361613,169,43,126,24
0.35195313297607983,0.25443786982248523,0.6417910447761194,0.364406779661017,0.26605156470361613,169,43,126,24
0.35435192150311906,0.25595238095238093,0.6417910447761194,0.3659574468085106,0.26605156470361613,168,43,125,24
0.3557032336462881,0.25748502994011974,0.6417910447761194,0.36752136752136744,0.26605156470361613,167,43,124,24
0.35572742531882706,0.25903614457831325,0.6417910447761194,0.36909871244635195,0.26605156470361613,166,43,123,24
0.3588925872505408,0.2606060606060606,0.6417910447761194,0.3706896551724138,0.26605156470361613,165,43,122,24
0.36,0.25609756097560976,0.6268656716417911,0.36363636363636365,0.26605156470361613,164,42,122,25
0.3600477289061673,0.25609756097560976,0.6268656716417911,0.36363636363636365,0.26605156470361613,164,42,122,25
0.36226819136025173,0.25153374233128833,0.6119402985074627,0.3565217391304348,0.26605156470361613,163,41,122,26
0.3623303098208072,0.25308641975308643,0.6119402985074627,0.3580786026200874,0.26605156470361613,162,41,121,26
0.36660377034316,0.2484472049689441,0.5970149253731343,0.3508771929824561,0.26605156470361613,161,40,121,27
0.36711051951109225,0.24375,0.582089552238806,0.3436123348017621,0.26605156470361613,160,39,121,28
0.36994518519893105,0.24528301886792453,0.582089552238806,0.34513274336283184,0.26605156470361613,159,39,120,28
0.37,0.2468354430379747,0.582089552238806,0.3466666666666667,0.26605156470361613,158,39,119,28
0.3701630523231004,0.2468354430379747,0.582089552238806,0.3466666666666667,0.26605156470361613,158,39,119,28
0.3721969554383741,0.24203821656050956,0.5671641791044776,0.33928571428571425,0.26605156470361613,157,38,119,29
0.37255854809986755,0.24358974358974358,0.5671641791044776,0.34080717488789236,0.26605156470361613,156,38,118,29
0.37372548650187043,0.24516129032258063,0.5671641791044776,0.34234234234234234,0.26605156470361613,155,38,117,29
0.37464508236275823,0.24025974025974026,0.5522388059701493,0.334841628959276,0.26605156470361613,154,37,117,30
0.37479276894267516,0.24183006535947713,0.5522388059701493,0.3363636363636363,0.26605156470361613,153,37,116,30
0.37536715796622255,0.24342105263157895,0.5522388059701493,0.3378995433789954,0.26605156470361613,152,37,115,30
0.3776745861681927,0.23841059602649006,0.5373134328358209,0.33027522935779813,0.26605156470361613,151,36,115,31
0.38,0.23333333333333334,0.5223880597014925,0.32258064516129026,0.26605156470361613,150,35,115,32
0.384042400842553,0.23333333333333334,0.5223880597014925,0.32258064516129026,0.26605156470361613,150,35,115,32
0.3855192572293807,0.22818791946308725,0.5074626865671642,0.3148148148148148,0.26605156470361613,149,34,115,33
0.38637770182050224,0.22972972972972974,0.5074626865671642,0.3162790697674419,0.26605156470361613,148,34,114,33
0.3867832180028682,0.22448979591836735,0.4925373134328358,0.308411214953271,0.26605156470361613,147,33,114,34
0.387512534967918,0.22602739726027396,0.4925373134328358,0.30985915492957744,0.26605156470361613,146,33,113,34
0.39,0.22758620689655173,0.4925373134328358,0.3113207547169811,0.26605156470361613,145,33,112,34
0.3909553580189052,0.22758620689655173,0.4925373134328358,0.3113207547169811,0.26605156470361613,145,33,112,34
0.39161842366611455,0.2222222222222222,0.47761194029850745,0.3033175355450237,0.26605156470361613,144,32,112,35
0.39807641596734833,0.22377622377622378,0.47761194029850745,0.30476190476190473,0.26605156470361613,143,32,111,35
0.39872597980320895,0.22535211267605634,0.47761194029850745,0.30622009569377995,0.26605156470361613,142,32,110,35
0.4,0.22695035460992907,0.47761194029850745,0.3076923076923077,0.26605156470361613,141,32,109,35
0.40161150996347933,0.22695035460992907,0.47761194029850745,0.3076923076923077,0.26605156470361613,141,32,109,35
0.40182673434540894,0.22142857142857142,0.4626865671641791,0.2995169082125604,0.26605156470361613,140,31,109,36
0.40447048833772165,0.22302158273381295,0.4626865671641791,0.3009708737864078,0.26605156470361613,139,31,108,36
0.4076658522400024,0.2246376811594203,0.4626865671641791,0.3024390243902439,0.26605156470361613,138,31,107,36
0.4077705832886178,0.21897810218978103,0.44776119402985076,0.29411764705882354,0.26605156470361613,137,30,107,37
0.4080561484816028,0.21323529411764705,0.43283582089552236,0.2857142857142857,0.26605156470361613,136,29,107,38
0.41000000000000003,0.21481481481481482,0.43283582089552236,0.2871287128712871,0.26605156470361613,135,29,106,38
0.4103154721172879,0.21481481481481482,0.43283582089552236,0.2871287128712871,0.26605156470361613,135,29,106,38
0.41035063436732316,0.21641791044776118,0.43283582089552236,0.2885572139303482,0.26605156470361613,134,29,105,38
0.41216151716496435,0.21804511278195488,0.43283582089552236,0.29,0.26605156470361613,133,29,104,38
0.4162765989130179,0.2196969696969697,0.43283582089552236,0.29145728643216084,0.26605156470361613,132,29,103,38
0.4194532115771174,0.22137404580152673,0.43283582089552236,0.29292929292929293,0.26605156470361613,131,29,102,38
0.42,0.2230769230769231,0.43283582089552236,0.29441624365482233,0.26605156470361613,130,29,101,38
0.4200174626866005,0.2230769230769231,0.43283582089552236,0.29441624365482233,0.26605156470361613,130,29,101,38
0.42379507415769674,0.2248062015503876,0.43283582089552236,0.29591836734693877,0.26605156470361613,129,29,100,38
0.42390624000212795,0.2265625,0.43283582089552236,0.29743589743589743,0.26605156470361613,128,29,99,38
0.4246806383569628,0.2204724409448819,0.417910447761194,0.288659793814433,0.26605156470361613,127,28,99,39
0.4280939956897318,0.2222222222222222,0.417910447761194,0.29015544041450775,0.26605156470361613,126,28,98,39
0.43,0.224,0.417910447761194,0.2916666666666667,0.26605156470361613,125,28,97,39
0.43767698476120326,0.224,0.417910447761194,0.2916666666666667,0.26605156470361613,125,28,97,39
0.43784069476219456,0.21774193548387097,0.40298507462686567,0.28272251308900526,0.26605156470361613,124,27,97,40
0.4379717870860767,0.21951219512195122,0.40298507462686567,0.2842105263157894,0.26605156470361613,123,27,96,40
0.43923212835937425,0.22131147540983606,0.40298507462686567,0.28571428571428575,0.26605156470361613,122,27,95,40
0.44,0.2231404958677686,0.40298507462686567,0.28723404255319146,0.26605156470361613,121,27,94,40
0.4435894311679716,0.2231404958677686,0.40298507462686567,0.28723404255319146,0.26605156470361613,121,27,94,40
0.45,0.225,0.40298507462686567,0.2887700534759358,0.26605156470361613,120,27,93,40
0.45077342454640296,0.225,0.40298507462686567,0.2887700534759358,0.26605156470361613,120,27,93,40
0.4507841023889742,0.226890756302521,0.40298507462686567,0.2903225806451613,0.26605156470361613,119,27,92,40
0.45141472497806784,0.2288135593220339,0.40298507462686567,0.2918918918918919,0.26605156470361613,118,27,91,40
0.4523624387040694,0.23076923076923078,0.40298507462686567,0.29347826086956524,0.26605156470361613,117,27,90,40
0.45498492081858205,0.23275862068965517,0.40298507462686567,0.29508196721311475,0.26605156470361613,116,27,89,40
0.4560108574286571,0.22608695652173913,0.3880597014925373,0.2857142857142857,0.26605156470361613,115,26,89,41
0.45783503884229415,0.22807017543859648,0.3880597014925373,0.28729281767955794,0.26605156470361613,114,26,88,41
0.4580859903910563,0.23008849557522124,0.3880597014925373,0.2888888888888889,0.26605156470361613,113,26,87,41
0.45809124399798995,0.23214285714285715,0.3880597014925373,0.29050279329608936,0.26605156470361613,112,26,86,41
0.4595291056021658,0.22522522522522523,0.373134328358209,0.2808988764044944,0.26605156470361613,111,25,86,42
0.46,0.22727272727272727,0.373134328358209,0.2824858757062147,0.26605156470361613,110,25,85,42
0.4605259420407473,0.22727272727272727,0.373134328358209,0.2824858757062147,0.26605156470361613,110,25,85,42
0.46112009637083257,0.22935779816513763,0.373134328358209,0.28409090909090906,0.26605156470361613,109,25,84,42
0.46197547935121835,0.23148148148148148,0.373134328358209,0.28571428571428575,0.26605156470361613,108,25,83,42
0.4696258741307345,0.2336448598130841,0.373134328358209,0.2873563218390805,0.26605156470361613,107,25,82,42
0.47000000000000003,0.22641509433962265,0.3582089552238806,0.27745664739884396,0.26605156470361613,106,24,82,43
0.4714536935125776,0.22641509433962265,0.3582089552238806,0.27745664739884396,0.26605156470361613,106,24,82,43
0.4763304868195464,0.22857142857142856,0.3582089552238806,0.27906976744186046,0.26605156470361613,105,24,81,43
0.47840100664053664,0.23076923076923078,0.3582089552238806,0.28070175438596495,0.26605156470361613,104,24,80,43
0.4799684795005642,0.23300970873786409,0.3582089552238806,0.28235294117647053,0.26605156470361613,103,24,79,43
0.48,0.23529411764705882,0.3582089552238806,0.28402366863905326,0.26605156470361613,102,24,78,43
0.4822747883978077,0.23529411764705882,0.3582089552238806,0.28402366863905326,0.26605156470361613,102,24,78,43
0.485098246221516,0.22772277227722773,0.34328358208955223,0.27380952380952384,0.26605156470361613,101,23,78,44
0.48592703622352557,0.23,0.34328358208955223,0.2754491017964072,0.26605156470361613,100,23,77,44
0.4890121484431219,0.23232323232323232,0.34328358208955223,0.2771084337349397,0.26605156470361613,99,23,76,44
0.48994546503604514,0.23469387755102042,0.34328358208955223,0.2787878787878788,0.26605156470361613,98,23,75,44
0.49,0.23711340206185566,0.34328358208955223,0.2804878048780488,0.26605156470361613,97,23,74,44
0.4903608500130603,0.23711340206185566,0.34328358208955223,0.2804878048780488,0.26605156470361613,97,23,74,44
0.4925179301382963,0.23958333333333334,0.34328358208955223,0.2822085889570552,0.26605156470361613,96,23,73,44
0.4930928068561142,0.24210526315789474,0.34328358208955223,0.2839506172839506,0.26605156470361613,95,23,72,44
0.49826221290815703,0.24468085106382978,0.34328358208955223,0.2857142857142857,0.26605156470361613,94,23,71,44
0.5,0.23655913978494625,0.3283582089552239,0.27499999999999997,0.26605156470361613,93,22,71,45
0.5012320504443178,0.23655913978494625,0.3283582089552239,0.27499999999999997,0.26605156470361613,93,22,71,45
0.5083919718182264,0.22826086956521738,0.31343283582089554,0.2641509433962264,0.26605156470361613,92,21,71,46
0.5099835170346542,0.23076923076923078,0.31343283582089554,0.26582278481012656,0.26605156470361613,91,21,70,46
0.51,0.23333333333333334,0.31343283582089554,0.267515923566879,0.26605156470361613,90,21,69,46
0.5123027616965568,0.23333333333333334,0.31343283582089554,0.267515923566879,0.26605156470361613,90,21,69,46
0.5133065296712215,0.23595505617977527,0.31343283582089554,0.2692307692307692,0.26605156470361613,89,21,68,46
0.5135863815459564,0.23863636363636365,0.31343283582089554,0.2709677419354839,0.26605156470361613,88,21,67,46
0.5140435576657743,0.2413793103448276,0.31343283582089554,0.2727272727272727,0.26605156470361613,87,21,66,46
0.5152593273326312,0.2441860465116279,0.31343283582089554,0.2745098039215686,0.26605156470361613,86,21,65,46
0.52,0.24705882352941178,0.31343283582089554,0.27631578947368424,0.26605156470361613,85,21,64,46
0.5211959176866806,0.24705882352941178,0.31343283582089554,0.27631578947368424,0.26605156470361613,85,21,64,46
0.5222388932188455,0.25,0.31343283582089554,0.27814569536423844,0.26605156470361613,84,21,63,46
0.5251021845361394,0.24096385542168675,0.29850746268656714,0.26666666666666666,0.26605156470361613,83,20,63,47
0.5296640149564651,0.24390243902439024,0.29850746268656714,0.2684563758389261,0.26605156470361613,82,20,62,47
0.53,0.2345679012345679,0.2835820895522388,0.25675675675675674,0.26605156470361613,81,19,62,48
0.5326411599981208,0.2345679012345679,0.2835820895522388,0.25675675675675674,0.26605156470361613,81,19,62,48
0.5349190121799835,0.2375,0.2835820895522388,0.2585034013605442,0.26605156470361613,80,19,61,48
0.5381334920353011,0.24050632911392406,0.2835820895522388,0.2602739726027397,0.26605156470361613,79,19,60,48
0.54,0.24358974358974358,0.2835820895522388,0.2620689655172414,0.26605156470361613,78,19,59,48
0.543719070704234,0.24358974358974358,0.2835820895522388,0.2620689655172414,0.26605156470361613,78,19,59,48
0.5455545757889309,0.24675324675324675,0.2835820895522388,0.26388888888888884,0.26605156470361613,77,19,58,48
0.5487887175452919,0.25,0.2835820895522388,0.26573426573426573,0.26605156470361613,76,19,57,48
0.55,0.25333333333333335,0.2835820895522388,0.2676056338028169,0.26605156470361613,75,19,56,48
0.5506696232582806,0.25333333333333335,0.2835820895522388,0.2676056338028169,0.26605156470361613,75,19,56,48
0.5556216339370489,0.25675675675675674,0.2835820895522388,0.2695035460992907,0.26605156470361613,74,19,55,48
0.5575806272351316,0.2602739726027397,0.2835820895522388,0.2714285714285714,0.26605156470361613,73,19,54,48
0.5578595622537582,0.2638888888888889,0.2835820895522388,0.27338129496402874,0.26605156470361613,72,19,53,48
0.56,0.2676056338028169,0.2835820895522388,0.27536231884057966,0.26605156470361613,71,19,52,48
0.5621876474872706,0.2676056338028169,0.2835820895522388,0.27536231884057966,0.26605156470361613,71,19,52,48
0.5623987121455655,0.2714285714285714,0.2835820895522388,0.27737226277372257,0.26605156470361613,70,19,51,48
0.5642945197475977,0.2753623188405797,0.2835820895522388,0.2794117647058823,0.26605156470361613,69,19,50,48
0.5656205092435223,0.27941176470588236,0.2835820895522388,0.28148148148148144,0.26605156470361613,68,19,49,48
0.5669153863372773,0.2835820895522388,0.2835820895522388,0.2835820895522388,0.26605156470361613,67,19,48,48
0.568628160030804,0.2878787878787879,0.2835820895522388,0.2857142857142857,0.26605156470361613,66,19,47,48
0.5700000000000001,0.2923076923076923,0.2835820895522388,0.28787878787878785,0.26605156470361613,65,19,46,48
0.5747357258967929,0.2923076923076923,0.2835820895522388,0.28787878787878785,0.26605156470361613,65,19,46,48
0.5750141064080724,0.296875,0.2835820895522388,0.29007633587786263,0.26605156470361613,64,19,45,48
0.5794274364301838,0.30158730158730157,0.2835820895522388,0.29230769230769227,0.26605156470361613,63,19,44,48
0.58,0.3064516129032258,0.2835820895522388,0.2945736434108527,0.26605156470361613,62,19,43,48
0.5805734817463252,0.3064516129032258,0.2835820895522388,0.2945736434108527,0.26605156470361613,62,19,43,48
0.59,0.3114754098360656,0.2835820895522388,0.29687499999999994,0.26605156470361613,61,19,42,48
0.5955709376732508,0.3114754098360656,0.2835820895522388,0.29687499999999994,0.26605156470361613,61,19,42,48
0.5965741071496268,0.31666666666666665,0.2835820895522388,0.2992125984251969,0.26605156470361613,60,19,41,48
0.5966336234421058,0.3050847457627119,0.26865671641791045,0.28571428571428575,0.26605156470361613,59,18,41,49
0.5980974484473333,0.3103448275862069,0.26865671641791045,0.288,0.26605156470361613,58,18,40,49
0.6,0.3157894736842105,0.26865671641791045,0.29032258064516125,0.26605156470361613,57,18,39,49
0.6007291136687873,0.3157894736842105,0.26865671641791045,0.29032258064516125,0.26605156470361613,57,18,39,49
0.6061608576393782,0.32142857142857145,0.26865671641791045,0.2926829268292683,0.26605156470361613,56,18,38,49
0.6079561881225305,0.3090909090909091,0.2537313432835821,0.2786885245901639,0.26605156470361613,55,17,38,50
0.61,0.2962962962962963,0.23880597014925373,0.2644628099173554,0.26605156470361613,54,16,38,51
0.6107516919052374,0.2962962962962963,0.23880597014925373,0.2644628099173554,0.26605156470361613,54,16,38,51
0.6121908248299247,0.3018867924528302,0.23880597014925373,0.26666666666666666,0.26605156470361613,53,16,37,51
0.6128417586340348,0.3076923076923077,0.23880597014925373,0.2689075630252101,0.26605156470361613,52,16,36,51
0.62,0.3137254901960784,0.23880597014925373,0.2711864406779661,0.26605156470361613,51,16,35,51
0.6214785236197988,0.3137254901960784,0.23880597014925373,0.2711864406779661,0.26605156470361613,51,16,35,51
0.6238865976192898,0.32,0.23880597014925373,0.27350427350427353,0.26605156470361613,50,16,34,51
0.6266287505533982,0.32653061224489793,0.23880597014925373,0.27586206896551724,0.26605156470361613,49,16,33,51
0.63,0.3125,0.22388059701492538,0.26086956521739135,0.26605156470361613,48,15,33,52
0.6333870981345339,0.3125,0.22388059701492538,0.26086956521739135,0.26605156470361613,48,15,33,52
0.6376148938847409,0.2978723404255319,0.208955223880597,0.24561403508771934,0.26605156470361613,47,14,33,53
0.64,0.30434782608695654,0.208955223880597,0.24778761061946908,0.26605156470361613,46,14,32,53
0.64061730419592,0.30434782608695654,0.208955223880597,0.24778761061946908,0.26605156470361613,46,14,32,53
0.6451988769533961,0.28888888888888886,0.19402985074626866,0.23214285714285715,0.26605156470361613,45,13,32,54
0.6461801676488669,0.2727272727272727,0.1791044776119403,0.2162162162162162,0.26605156470361613,44,12,32,55
0.6470962232655738,0.27906976744186046,0.1791044776119403,0.21818181818181817,0.26605156470361613,43,12,31,55
0.65,0.2857142857142857,0.1791044776119403,0.2201834862385321,0.26605156470361613,42,12,30,55
0.6505483986021302,0.2857142857142857,0.1791044776119403,0.2201834862385321,0.26605156470361613,42,12,30,55
0.66,0.2926829268292683,0.1791044776119403,0.2222222222222222,0.26605156470361613,41,12,29,55
0.6618403374772254,0.2926829268292683,0.1791044776119403,0.2222222222222222,0.26605156470361613,41,12,29,55
0.6619257044090407,0.275,0.16417910447761194,0.205607476635514,0.26605156470361613,40,11,29,56
0.6633381598020761,0.28205128205128205,0.16417910447761194,0.20754716981132074,0.26605156470361613,39,11,28,56
0.67,0.2894736842105263,0.16417910447761194,0.20952380952380953,0.26605156470361613,38,11,27,56
0.6714968488412587,0.2894736842105263,0.16417910447761194,0.20952380952380953,0.26605156470361613,38,11,27,56
0.673704696222485,0.2972972972972973,0.16417910447761194,0.21153846153846156,0.26605156470361613,37,11,26,56
0.674329982878397,0.2777777777777778,0.14925373134328357,0.1941747572815534,0.26605156470361613,36,10,26,57
0.6762350015395264,0.2857142857142857,0.14925373134328357,0.196078431372549,0.26605156470361613,35,10,25,57
0.68,0.29411764705882354,0.14925373134328357,0.198019801980198,0.26605156470361613,34,10,24,57
0.684877208873681,0.29411764705882354,0.14925373134328357,0.198019801980198,0.26605156470361613,34,10,24,57
0.6856973352116404,0.2727272727272727,0.13432835820895522,0.18000000000000002,0.26605156470361613,33,9,24,58
0.6900000000000001,0.28125,0.13432835820895522,0.1818181818181818,0.26605156470361613,32,9,23,58
0.7000000000000001,0.28125,0.13432835820895522,0.1818181818181818,0.26605156470361613,32,9,23,58
0.7025329724375385,0.28125,0.13432835820895522,0.1818181818181818,0.26605156470361613,32,9,23,58
0.71,0.25806451612903225,0.11940298507462686,0.16326530612244897,0.26605156470361613,31,8,23,59
0.7117866610091923,0.25806451612903225,0.11940298507462686,0.16326530612244897,0.26605156470361613,31,8,23,59
0.717937349666828,0.26666666666666666,0.11940298507462686,0.16494845360824742,0.26605156470361613,30,8,22,59
0.7181469052261755,0.2413793103448276,0.1044776119402985,0.14583333333333331,0.26605156470361613,29,7,22,60
0.72,0.25,0.1044776119402985,0.1473684210526316,0.26605156470361613,28,7,21,60
0.7243588335661965,0.25,0.1044776119402985,0.1473684210526316,0.26605156470361613,28,7,21,60
0.7247526784066447,0.25925925925925924,0.1044776119402985,0.14893617021276595,0.26605156470361613,27,7,20,60
0.7250045052962658,0.2692307692307692,0.1044776119402985,0.15053763440860213,0.26605156470361613,26,7,19,60
0.7273889448417354,0.28,0.1044776119402985,0.15217391304347827,0.26605156470361613,25,7,18,60
0.73,0.2916666666666667,0.1044776119402985,0.15384615384615383,0.26605156470361613,24,7,17,60
0.7335611110259147,0.2916666666666667,0.1044776119402985,0.15384615384615383,0.26605156470361613,24,7,17,60
0.7347368839846538,0.30434782608695654,0.1044776119402985,0.15555555555555559,0.26605156470361613,23,7,16,60
0.7368988184141343,0.3181818181818182,0.1044776119402985,0.15730337078651685,0.26605156470361613,22,7,15,60
0.7384867142681395,0.3333333333333333,0.1044776119402985,0.15909090909090906,0.26605156470361613,21,7,14,60
0.74,0.3,0.08955223880597014,0.13793103448275862,0.26605156470361613,20,6,14,61
0.7407108589875903,0.3,0.08955223880597014,0.13793103448275862,0.26605156470361613,20,6,14,61
0.7407413147831763,0.3157894736842105,0.08955223880597014,0.13953488372093023,0.26605156470361613,19,6,13,61
0.7485926013276779,0.3333333333333333,0.08955223880597014,0.1411764705882353,0.26605156470361613,18,6,12,61
0.7491555096413661,0.35294117647058826,0.08955223880597014,0.14285714285714288,0.26605156470361613,17,6,11,61
0.75,0.375,0.08955223880597014,0.14457831325301204,0.26605156470361613,16,6,10,61
0.76,0.375,0.08955223880597014,0.14457831325301204,0.26605156470361613,16,6,10,61
0.7602415409520592,0.375,0.08955223880597014,0.14457831325301204,0.26605156470361613,16,6,10,61
0.7649229947443418,0.3333333333333333,0.07462686567164178,0.12195121951219512,0.26605156470361613,15,5,10,62
0.77,0.35714285714285715,0.07462686567164178,0.12345679012345678,0.26605156470361613,14,5,9,62
0.7705613472721755,0.35714285714285715,0.07462686567164178,0.12345679012345678,0.26605156470361613,14,5,9,62
0.78,0.3076923076923077,0.05970149253731343,0.09999999999999999,0.26605156470361613,13,4,9,63
0.783076848285328,0.3076923076923077,0.05970149253731343,0.09999999999999999,0.26605156470361613,13,4,9,63
0.79,0.3333333333333333,0.05970149253731343,0.10126582278481013,0.26605156470361613,12,4,8,63
0.7916912795072183,0.3333333333333333,0.05970149253731343,0.10126582278481013,0.26605156470361613,12,4,8,63
0.7973552335723495,0.36363636363636365,0.05970149253731343,0.10256410256410257,0.26605156470361613,11,4,7,63
0.8,0.3,0.04477611940298507,0.0779220779220779,0.26605156470361613,10,3,7,64
0.803228170562178,0.3,0.04477611940298507,0.0779220779220779,0.26605156470361613,10,3,7,64
0.81,0.3333333333333333,0.04477611940298507,0.07894736842105263,0.26605156470361613,9,3,6,64
0.8200000000000001,0.3333333333333333,0.04477611940298507,0.07894736842105263,0.26605156470361613,9,3,6,64
0.8204605811035783,0.3333333333333333,0.04477611940298507,0.07894736842105263,0.26605156470361613,9,3,6,64
0.8300000000000001,0.25,0.029850746268656716,0.05333333333333334,0.26605156470361613,8,2,6,65
0.84,0.25,0.029850746268656716,0.05333333333333334,0.26605156470361613,8,2,6,65
0.841979595027601,0.25,0.029850746268656716,0.05333333333333334,0.26605156470361613,8,2,6,65
0.8495343961082452,0.2857142857142857,0.029850746268656716,0.05405405405405406,0.26605156470361613,7,2,5,65
0.85,0.3333333333333333,0.029850746268656716,0.05479452054794521,0.26605156470361613,6,2,4,65
0.8583737841693769,0.3333333333333333,0.029850746268656716,0.05479452054794521,0.26605156470361613,6,2,4,65
0.86,0.4,0.029850746268656716,0.05555555555555556,0.26605156470361613,5,2,3,65
0.87,0.4,0.029850746268656716,0.05555555555555556,0.26605156470361613,5,2,3,65
0.8701651362787695,0.4,0.029850746268656716,0.05555555555555556,0.26605156470361613,5,2,3,65
0.88,0.25,0.014925373134328358,0.028169014084507043,0.26605156470361613,4,1,3,66
0.8806223648785546,0.25,0.014925373134328358,0.028169014084507043,0.26605156470361613,4,1,3,66
0.89,0.0,0.0,0.0,0.26605156470361613,3,0,3,67
0.8977125422195674,0.0,0.0,0.0,0.26605156470361613,3,0,3,67
0.9,0.0,0.0,0.0,0.26605156470361613,2,0,2,67
0.91,0.0,0.0,0.0,0.26605156470361613,2,0,2,67
0.92,0.0,0.0,0.0,0.26605156470361613,2,0,2,67
0.9233451087499341,0.0,0.0,0.0,0.26605156470361613,2,0,2,67
0.93,0.0,0.0,0.0,0.26605156470361613,1,0,1,67
0.9400000000000001,0.0,0.0,0.0,0.26605156470361613,1,0,1,67
0.9500000000000001,0.0,0.0,0.0,0.26605156470361613,1,0,1,67
0.96,0.0,0.0,0.0,0.26605156470361613,1,0,1,67
0.966320954331394,0.0,0.0,0.0,0.26605156470361613,1,0,1,67
0.97,0.0,0.0,0.0,0.26605156470361613,0,0,0,67
0.98,0.0,0.0,0.0,0.26605156470361613,0,0,0,67
0.99,0.0,0.0,0.0,0.26605156470361613,0,0,0,67
1.0,0.0,0.0,0.0,0.26605156470361613,0,0,0,67
