star_id,selected_score,confidence,prediction,label,period_days,depth_ppm,duration_hours,sde,n_transit_points,transit_count,local_snr,odd_even_difference,quarter_recurrence,edge_fraction,gap_fraction
KIC_2716664,0.9471198867409835,0.44444444,1,0,374.0685890211294,37075.258512451306,36.0,8.606747930209668,29.0,4.0,29.786487710523065,0.0074489557369355,0.2352941176470588,0.0026073830108412,0.1290322580645161
KIC_12053194,0.9343324132674016,0.44444444,1,0,366.9732903315851,41047.50502171173,36.0,8.319033533297864,25.0,3.0,35.37335088430408,0.0093607181733672,0.2,0.0033548387096774,0.0769230769230769
KIC_4245449,0.8678724190807711,0.44444444,1,0,10.317011862895754,6372.921458968172,18.0,7.352845929139398,543.0,135.0,29.42045585336326,9.488078150698964e-05,1.0,0.0012259910093992,0.011049723756906
KIC_2718136,0.8628723254824154,0.44444444,1,0,374.0685890211294,24821.988498842984,36.0,7.299192893551233,19.0,4.0,27.945188078169416,0.0062633298807735,0.2352941176470588,0.0025734796153325,0.0
KIC_7345813,0.8370732474693072,0.44444444,1,0,388.673394092354,6240.695838755528,18.0,7.045763562174089,12.0,3.0,20.218607563156134,0.000324539407808,0.1764705882352941,0.0013273161667109,0.0
KIC_11658776,0.8367408518955772,0.24872278,1,0,366.9732903315851,39863.160580686505,36.0,7.042719503939571,15.0,3.0,25.680010410072416,0.0026407512972553,0.1764705882352941,0.0026312492168901,0.2666666666666666
KIC_10385248,0.828650179284549,0.43523486,1,0,374.0685890211294,19813.20863354563,36.0,6.970113606141173,11.0,3.0,26.70694030494508,0.0003396007312331,0.1764705882352941,0.0024314467107929,0.0
KIC_3851162,0.8219669847068488,0.24940135,1,0,377.6675181881755,37165.01420540863,36.0,6.912164021739246,28.0,4.0,19.88326090596445,0.0040226622499083,0.2352941176470588,0.0026605853287723,0.1785714285714285
KIC_7950097,0.812277278097385,0.34049723,1,0,388.673394092354,8317.029714992374,36.0,6.8310947084245495,19.0,3.0,22.63858675771593,0.0116504775386818,0.1764705882352941,0.0024596884394643,0.0
KIC_11803247,0.8031758346077732,0.36419409,1,0,366.9732903315851,66525.04766959688,36.0,6.757828616728886,22.0,3.0,26.029907148579746,0.0054429154644604,0.2142857142857142,0.0037898588604286,0.2272727272727272
KIC_9753528,0.803098515029939,0.44078414,1,0,366.9732903315851,31348.081642737725,36.0,6.757217328476449,22.0,3.0,25.069083335407004,0.0013172641479226,0.1764705882352941,0.0026532236667551,0.0869565217391304
KIC_10417251,0.7839056012110713,0.24992108,1,0,366.9732903315851,5594.909311745777,36.0,6.61071657854806,34.0,4.0,28.6988320195521,0.0056801001823062,0.2666666666666666,0.0029080794032115,0.0588235294117647
KIC_10252901,0.7669000880930065,0.43523635,1,0,366.9732903315851,33564.06803238265,36.0,6.48861170189688,27.0,3.0,29.201142611592942,0.0178058606409796,0.1764705882352941,0.0026929982046678,0.0714285714285714
KIC_2441876,0.7667838524571388,0.40373493,1,0,366.9732903315851,27216.393346359506,36.0,6.48779907149724,21.0,3.0,23.64601543579151,0.0099296779050849,0.1666666666666666,0.0025441696113074,0.0
KIC_12066128,0.75329161323903,0.40515176,1,0,377.6675181881755,25309.651521638443,36.0,6.395306753328437,14.0,3.0,27.173168650169305,0.0268459578212199,0.1764705882352941,0.0023503387252868,0.0714285714285714
KIC_12457730,0.7460993479322641,0.40214568,1,0,360.01257461685185,26253.810703035007,24.0,6.347394635743191,24.0,4.0,26.54375756911627,0.0032022903168028,0.2352941176470588,0.0017570281124497,0.0434782608695652
KIC_10322913,0.7417169819316086,0.40765296,1,0,388.673394092354,30894.061138963425,36.0,6.318639739362488,16.0,2.0,30.19169395611532,0.0224344271389106,0.1176470588235294,0.0024961863819165,0.0
KIC_5427752,0.7397404867101938,0.40286245,1,0,363.4762702954504,10680.81632769724,36.0,6.305775212251597,35.0,4.0,24.33593447877105,0.0150734889596648,0.3076923076923077,0.0033480648185348,0.0
KIC_8299361,0.7330769975824069,0.24998942,1,0,388.673394092354,5455.132020760645,36.0,6.262863130585591,18.0,3.0,13.231950853864776,0.0006085629784742,0.1666666666666666,0.0025466893039049,0.1111111111111111
KIC_6381240,0.7127064136804244,0.37340509,1,0,374.0685890211294,33274.404694024095,24.0,6.135706164806644,10.0,4.0,25.67303265293615,0.0056166416443048,0.2352941176470588,0.0016284434794409,0.1
KIC_4383803,0.7106458775991005,0.36817486,1,0,366.9732903315851,11006.935089552971,36.0,6.123153710316711,28.0,3.0,22.00095717741437,0.0026818992628456,0.2,0.0034990523399912,0.1034482758620689
KIC_6266423,0.6981865497297803,0.34657875,1,0,243.12161058938295,17362.295281443618,36.0,6.048346522629196,29.0,3.0,28.26535035181444,0.0105852245621427,0.2307692307692307,0.0031229668184775,0.032258064516129
KIC_6272284,0.6924609375015114,0.34574967,1,0,381.3010727996713,6039.46958191548,36.0,6.014562146045518,20.0,3.0,26.0476763003065,0.0012876612439206,0.1764705882352941,0.0024135156878519,0.05
KIC_5212312,0.6840206423110087,0.39741074,1,0,370.5039553402597,20143.36674888306,36.0,5.965389010375295,28.0,4.0,30.67863085920279,0.0404906282194104,0.2352941176470588,0.0024559967253376,0.0
KIC_2445665,0.6826495719107577,0.35515679,1,0,370.5039553402597,30569.08942694858,36.0,5.957468801662451,21.0,4.0,22.310846970881983,0.0131783930861101,0.2222222222222222,0.0025031289111389,0.0
KIC_7204360,0.6682974322823312,0.34608148,1,0,384.9695859884309,10688.00781891277,36.0,5.875618306673845,22.0,3.0,19.461007992622083,0.0166778511645377,0.1764705882352941,0.0024164317358034,0.0454545454545454
KIC_11125992,0.6668073404376507,0.38870307,1,0,399.9999999999999,14783.934403812093,36.0,5.867225349182266,11.0,1.0,39.041578845560345,0.0147737425542942,0.0666666666666666,0.003099173553719,0.0
KIC_10360825,0.6650023124130233,0.24967297,1,0,366.9732903315851,40454.13951982679,36.0,5.857083611108532,18.0,2.0,33.92690050402935,0.0197005313951669,0.1428571428571428,0.0030215283897771,0.0526315789473684
KIC_10189884,0.6599774063784062,0.40763066,1,0,366.9732903315851,20818.78522433167,36.0,5.828991918054909,22.0,3.0,26.422743806738065,0.0148774038024631,0.1764705882352941,0.0025115110925073,0.0416666666666666
KIC_8052298,0.6268026221738882,0.31256065,1,0,381.3010727996713,16446.5180763399,36.0,5.648155313929955,25.0,4.0,20.06918021515522,0.0082543118535922,0.2352941176470588,0.0024426652191613,0.08
KIC_11017397,0.6242903609063789,0.38639657,1,0,366.9732903315851,13415.452760478618,36.0,5.634748716871866,29.0,3.0,28.214048609187596,0.0184366948569923,0.2,0.0031112263417163,0.0689655172413793
KIC_2715251,0.6211302079383254,0.2495536,1,0,363.4762702954504,25800.37359478282,36.0,5.617935181357328,21.0,3.0,31.98994324568925,0.0152450528380795,0.1764705882352941,0.0023665527215356,0.0952380952380952
KIC_12109421,0.6087676389022025,0.24993451,1,0,377.6675181881755,17074.333482636204,18.0,5.5526687402555215,17.0,4.0,27.713568090948492,0.0069158766694742,0.2222222222222222,0.00120353035571,0.0588235294117647
KIC_3735720,0.6062044443943716,0.24977335,1,0,14.563175118456282,6551.299214692663,36.0,5.539231769921993,837.0,97.0,16.031181247429448,0.0004503548686002,1.0,0.0026599113362887,0.0284697508896797
KIC_3533508,0.6029853390294633,0.24998128,1,0,250.20658916685636,12690.830809976016,36.0,5.522399592056876,43.0,5.0,17.500481955325785,0.0098974683259461,0.2941176470588235,0.0026315789473684,0.0232558139534883
KIC_5033073,0.5961684985162354,0.24994588,1,0,374.0685890211294,16120.521430280754,36.0,5.486907034142953,27.0,4.0,17.37073865239993,0.013247074630296,0.2352941176470588,0.0025402201524132,0.037037037037037
KIC_5807846,0.5936984029457281,0.24938324,1,0,195.0655286277681,5806.781759411184,36.0,5.474094646947725,58.0,8.0,21.480918452326105,0.0090781938376875,0.4444444444444444,0.0025048705816866,0.0535714285714285
KIC_12067363,0.5922269013953262,0.28388094,1,0,370.5039553402597,15498.2264555662,36.0,5.466473690000111,24.0,4.0,23.961101536607263,0.0180023674198515,0.2352941176470588,0.0025143176421287,0.0833333333333333
KIC_4831185,0.591259326012139,0.35359343,1,0,68.69351040354366,47919.17557036762,36.0,5.461467258805575,170.0,21.0,16.183494179456588,0.0080790347157734,0.8888888888888888,0.0025154068670607,0.0173410404624277
KIC_6853029,0.590088442277063,0.32207699,1,0,384.9695859884309,13958.937458920853,36.0,5.455413755339965,16.0,2.0,11.779337936476084,0.0083937250390483,0.1176470588235294,0.0026455026455026,0.0
KIC_4263324,0.5893643896075816,0.24934882,1,0,377.6675181881755,83398.62073739502,36.0,5.4516730273971,15.0,3.0,21.13687264129697,0.0914627186005817,0.1666666666666666,0.0028018679119412,0.0666666666666666
KIC_7213876,0.583465541174911,0.24975332,1,0,184.17478520228423,7190.879961494034,36.0,5.421270252657041,48.0,7.0,16.561482073335444,0.00065925633675,0.4117647058823529,0.0024469820554649,0.0196078431372549
KIC_9933041,0.5801035593698372,0.24976834,1,0,363.4762702954504,27749.410395748964,36.0,5.403998159117474,8.0,1.0,20.45898612895348,0.0276779503060209,0.0588235294117647,0.0030132858512532,0.0
KIC_7763491,0.5704468436838475,0.24933139,1,0,336.6734895419744,47023.11746171794,36.0,5.35459311622697,15.0,3.0,16.182829903765903,0.0792928972165234,0.1666666666666666,0.0030530466861722,0.2307692307692307
KIC_10848334,0.5699033530873687,0.24952564,1,0,353.18388911940644,6789.755482473847,36.0,5.35182105846318,29.0,3.0,25.19360430047509,0.0040860759731461,0.2,0.0031397174254317,0.0967741935483871
KIC_10911073,0.569245969679108,0.24977807,1,0,388.673394092354,10011.792815816989,24.0,5.348469241225597,8.0,1.0,33.873964764673175,0.0100246566442849,0.0714285714285714,0.0021508097165991,0.0
KIC_5341188,0.5636850555796231,0.39708869,1,0,374.0685890211294,118118.54488338258,36.0,5.320164189083665,20.0,2.0,24.793753898384765,0.0080177878387772,0.1538461538461538,0.003459708807842,0.0
KIC_5559280,0.554709938134363,0.249645,1,0,21.565035523915203,4114.203925398075,36.0,5.274649311119264,563.0,68.0,18.097997245496817,0.0001379693148352,0.9444444444444444,0.0029169981437284,0.0497335701598579
KIC_8460007,0.5532932177916401,0.24929222,1,0,366.9732903315851,24463.295184249837,36.0,5.267482101161415,22.0,4.0,19.383881818203538,0.0124077617812125,0.2352941176470588,0.0024479804161566,0.0454545454545454
KIC_4364882,0.5529121287038974,0.24948051,1,0,363.4762702954504,29261.527477788983,36.0,5.265554917814851,22.0,4.0,15.502629117231018,0.0082328917582455,0.2352941176470588,0.0029042904290429,0.0869565217391304
KIC_6422390,0.546467695511306,0.24968244,1,0,275.3484720897755,3808.213660894122,36.0,5.233010866924836,29.0,3.0,22.26571896423352,0.0025612031011019,0.2142857142857142,0.0034571062740076,0.037037037037037
KIC_4068696,0.5430122702493828,0.2485013,1,0,265.0019682573697,32169.58704193862,36.0,5.215594219812799,11.0,1.0,29.522562776017345,0.0321406964380994,0.0666666666666666,0.0030499428135722,0.0
KIC_4490159,0.5371702875848381,0.2494834,1,0,377.6675181881755,23898.44304048827,36.0,5.186194948328235,27.0,4.0,30.021085774143724,0.0082529383230318,0.2352941176470588,0.0023841059602649,0.0714285714285714
KIC_9076990,0.5271252281046913,0.24475355,1,0,399.9999999999999,11790.144793450752,36.0,5.135759430281938,29.0,4.0,16.044844739190445,0.013460358443344,0.2352941176470588,0.0029842262327696,0.1111111111111111
KIC_6372346,0.5242882573227092,0.24908677,1,0,388.673394092354,5338.528760496341,36.0,5.121536942849183,17.0,3.0,18.307699832105428,0.0063264715127007,0.1764705882352941,0.0023910733262486,0.0666666666666666
KIC_4274340,0.5225221632221329,0.24827474,1,0,366.9732903315851,11324.445837223251,36.0,5.112687071088367,20.0,3.0,14.5742932192727,0.0001580260943627,0.2,0.0039705048213272,0.25
KIC_10002867,0.5153232871451962,0.24890038,1,0,377.6675181881755,6792.0763169336815,36.0,5.076640435623817,19.0,3.0,10.224257404158635,0.0036607356158716,0.1764705882352941,0.0024613701627239,0.1
KIC_10578148,0.5126062838836691,0.24958105,1,0,381.3010727996713,12015.861207034017,36.0,5.063044780317158,23.0,4.0,18.070161314943636,0.0068066721300649,0.2222222222222222,0.0025188916876574,0.1304347826086956
KIC_9088531,0.5116722749205141,0.24920451,1,0,193.2066792783941,4365.710710673265,36.0,5.058371979764478,21.0,4.0,11.121440112182468,0.0047018761290187,0.2222222222222222,0.0027061855670103,0.0476190476190476
KIC_3654361,0.5086152307068709,0.24995233,1,0,333.4652071694348,13502.87739249756,36.0,5.043080417236405,8.0,1.0,19.627767642868356,0.0134349236005024,0.0666666666666666,0.0031446540880503,0.2857142857142857
KIC_6026138,0.5077852035754594,0.24949769,1,0,388.673394092354,9807.594848286417,36.0,5.038929164044802,18.0,3.0,19.31512232586867,0.0049078703156245,0.2307692307692307,0.0031275496328528,0.0
KIC_3557114,0.5056909654149025,0.24943231,1,0,377.6675181881755,70066.69185396242,18.0,5.028456055928658,4.0,1.0,35.392947111928024,0.0699331288186408,0.0714285714285714,0.001592356687898,0.0
KIC_7421448,0.5017548017648361,0.24947079,1,0,377.6675181881755,55807.49257460926,36.0,5.008774044848529,8.0,1.0,21.15445263780598,0.0555192467669782,0.0588235294117647,0.0026272988865257,0.25
KIC_10058491,0.5009719785877795,0.24994444,1,0,356.5818857360398,9544.477587116851,36.0,5.004859899060707,30.0,4.0,18.59299987730518,7.689429574520013e-06,0.2222222222222222,0.0023611111111111,0.0
KIC_7116234,0.49349996376733934,0.24981508,1,0,392.4128366852597,7735.519428776482,24.0,4.967497987787072,26.0,4.0,18.17730382051552,0.0008100589970865,0.2352941176470588,0.0016098738932116,0.0
KIC_8826303,0.4929895021373841,0.24945186,1,0,392.4128366852597,2373.978438650615,36.0,4.964945213445939,24.0,3.0,12.03530777256148,0.0036486914802161,0.1875,0.0024807056229327,0.0
KIC_5991815,0.4917594307225675,0.24954771,1,0,377.6675181881755,19005.62904174741,36.0,4.9587934223901176,14.0,2.0,21.793853859790666,0.0326937156559654,0.1176470588235294,0.0024206562668101,0.0714285714285714
KIC_11453791,0.48627401233457807,0.24974069,1,0,339.91263893020425,6928.733948760591,24.0,4.9313528137823015,14.0,3.0,12.194637602347136,0.0002800812035216,0.1764705882352941,0.0017384327360256,0.0
KIC_10006971,0.48620141883163837,0.24955016,1,0,366.9732903315851,42426.371849001,36.0,4.930989571073601,30.0,4.0,14.884534837428731,0.0330073071792755,0.2352941176470588,0.0024766097963676,0.064516129032258
KIC_6188427,0.4858061490480176,0.24984188,1,0,283.3725964009247,15803.839368475405,24.0,4.929011672217586,7.0,1.0,24.748275953943587,0.015742902610948,0.0833333333333333,0.0021609940572663,0.0
KIC_8115701,0.48124177126924655,0.24929081,1,0,320.9349068639092,18829.323991953584,12.0,4.906164815952382,15.0,4.0,23.205200058315278,0.0405540573472054,0.2857142857142857,0.0010879912960696,0.0
KIC_3543138,0.47834026335243734,0.24920485,1,0,370.5039553402597,40659.47069515952,18.0,4.891633496786555,11.0,3.0,25.65082916199788,0.0488962060387257,0.1764705882352941,0.001357220412595,0.0
KIC_8493800,0.4766055842536821,0.24911296,1,0,377.6675181881755,1361.0906911746267,36.0,4.882942450753014,22.0,3.0,12.871040173094457,0.0021698787583988,0.1666666666666666,0.0025591810620601,0.0
KIC_4845295,0.4758942475681549,0.24970134,1,0,381.3010727996713,52314.2835342898,24.0,4.879377723746427,9.0,2.0,33.157473194837735,0.0580604600141538,0.1428571428571428,0.0020621214073978,0.0
KIC_5364578,0.4743239853690676,0.24928558,1,0,381.3010727996713,25427.59040485787,36.0,4.871506900552056,30.0,4.0,23.86062872241856,0.0566736814163019,0.2352941176470588,0.0025049439683586,0.0
KIC_11139692,0.4647435324901506,0.24913264,1,0,374.0685890211294,9985.486979189773,24.0,4.823424624807127,8.0,2.0,24.651438679197884,0.0158802794626461,0.1176470588235294,0.0017211703958691,0.125
KIC_10089175,0.46036807259844637,0.24914402,1,0,327.14006970298936,21204.51205178142,12.0,4.8014237951509005,4.0,1.0,31.63654320953491,0.0211312148694658,0.0714285714285714,0.0011661807580174,0.0
KIC_6208985,0.4555879775565998,0.2491344,1,0,377.6675181881755,11708.52977346326,18.0,4.777353110868456,11.0,3.0,26.68828932727599,0.0114214794584649,0.1764705882352941,0.0013173494928204,0.0
KIC_3859406,0.45556668711371284,0.24925418,1,0,275.3484720897755,28474.048931615427,24.0,4.777245811688615,23.0,4.0,22.343230798993293,0.0150024693287462,0.2857142857142857,0.0020736132711249,0.0
KIC_5944707,0.45228803684420177,0.24909158,1,0,370.5039553402597,2310338.6525621885,18.0,4.760712115556506,5.0,1.0,28.691776846688523,2.305810639459261,0.0769230769230769,0.0016526824307144,0.0
KIC_7135676,0.45221104160694536,0.24988802,1,0,384.9695859884309,2729.2078942006137,24.0,4.760323595904688,24.0,4.0,21.24781861625048,0.0012433455310038,0.2222222222222222,0.0016203078584931,0.0454545454545454
KIC_4168758,0.4508306060826819,0.24943371,1,0,3.775049778259464,1629.2684143519589,18.0,4.753355911026847,1531.0,285.0,13.619523231493812,3.1882107221270495e-05,1.0,0.0016720257234726,0.013029315960912
KIC_4176763,0.45052831303919744,0.2487481,1,0,317.8766030876754,34294.07529355644,36.0,4.751829594606425,11.0,1.0,21.06045052330879,0.0342906160241277,0.0714285714285714,0.0030988951765022,0.0
KIC_6107308,0.4485952251165566,0.24913995,1,0,294.436346885274,3445.4420227597598,18.0,4.74206477493358,24.0,4.0,18.382735247968608,0.001368309405246,0.2857142857142857,0.0015729453401494,0.0
KIC_10532112,0.4471364922235049,0.24884311,1,0,324.02263470563554,2974.6000315532538,36.0,4.734690937571735,28.0,3.0,16.97383294056649,0.0048619603345369,0.1666666666666666,0.0031405391258832,0.074074074074074
KIC_9225385,0.44465254318302994,0.24908216,1,0,388.673394092354,6904.17203809579,24.0,4.722124011458789,18.0,3.0,19.39963790790392,0.0124882141591942,0.1764705882352941,0.0017182130584192,0.0
KIC_3003576,0.4438984365069167,0.24900754,1,0,182.4197176511248,49297.442552415305,1.0,4.71830605492234,3.0,0.0,25.5021381128738,0.0,0.0,0.0002538393197106,0.0
KIC_9003423,0.44146276995446393,0.24831585,1,0,381.3010727996713,15392.736654049277,36.0,4.705965516446305,19.0,3.0,25.86610914427515,0.0068107333504483,0.1764705882352941,0.0025242460475621,0.0
KIC_1849415,0.43244044243110275,0.24904434,1,0,360.01257461685185,31933.584359952307,36.0,4.660123650526399,24.0,4.0,17.537737332995825,0.0562684700026306,0.2222222222222222,0.0025303643724696,0.0384615384615384
KIC_8648352,0.42973960546788625,0.24487598,1,0,370.5039553402597,48045.85253668136,36.0,4.646357959440789,32.0,4.0,15.950395644802246,0.0201390266416965,0.25,0.0023836231071228,0.03125
KIC_6305665,0.4292937090505132,0.24872882,1,0,377.6675181881755,19137.12117173172,36.0,4.644083275568311,22.0,3.0,41.96670587636922,0.0301750037403892,0.1764705882352941,0.0023987206823027,0.0454545454545454
KIC_8523328,0.4280568779623847,0.24923325,1,0,370.5039553402597,29233.083276603345,36.0,4.637770662186777,23.0,3.0,22.009136428197664,0.0005849002579367,0.1764705882352941,0.0025017373175816,0.0416666666666666
KIC_3847642,0.4268603106190076,0.24924556,1,0,366.9732903315851,11070.098701801422,36.0,4.631659181612178,29.0,4.0,20.09772781343459,4.690673418322744e-05,0.2352941176470588,0.0024275118004045,0.0
KIC_4370718,0.4261747353500557,0.23729438,1,0,374.0685890211294,8735.044099513978,36.0,4.628155632573432,29.0,4.0,28.77644937623809,0.0078893522293476,0.2666666666666666,0.0030631780472239,0.0689655172413793
KIC_9535182,0.42409596844864816,0.24912549,1,0,370.5039553402597,8090.098349430308,24.0,4.617523419221213,10.0,3.0,19.14716335378001,0.0086874489062005,0.1764705882352941,0.0016010673782521,0.0
KIC_6304294,0.42042911444045644,0.24849689,1,0,370.5039553402597,23305.080458287943,18.0,4.598734891892297,7.0,4.0,27.25387811210388,0.0392918708192534,0.2352941176470588,0.0012109795479009,0.1428571428571428
KIC_10097171,0.4155125092785848,0.24517413,1,0,343.1829523069431,51591.5938449325,18.0,4.573471676750527,4.0,1.0,18.20786731947255,0.0516276453159865,0.0714285714285714,0.0016252031503937,0.25
KIC_6047482,0.41446187463059087,0.24901437,1,0,212.620955003579,4723.424773531493,18.0,4.56806211791483,26.0,6.0,17.80942206836643,0.010561376305803,0.3529411764705882,0.001332800213248,0.0
KIC_8742834,0.4116907706091188,0.24944613,1,0,374.0685890211294,6738.596151659615,36.0,4.553774750975808,11.0,2.0,13.664715459740757,0.0001005276208584,0.1176470588235294,0.0029005524861878,0.4545454545454545
KIC_6627290,0.4079462498514323,0.24946378,1,0,370.5039553402597,9036.310495661226,18.0,4.534422500291318,6.0,3.0,16.830990198734902,0.0134770340654479,0.1764705882352941,0.0014079098937667,0.0
KIC_11760235,0.40783152192042255,0.2487503,1,0,374.0685890211294,14154.090884788362,18.0,4.533828708633326,13.0,3.0,27.55341592359884,0.0212695804060691,0.1764705882352941,0.0013250298131707,0.0769230769230769
KIC_4742888,0.40725456641129165,0.24885381,1,0,370.5039553402597,9070.715615356106,24.0,4.530841798840609,9.0,3.0,20.878237352461788,0.0137943666697593,0.1764705882352941,0.0017456693970726,0.0
KIC_10208470,0.4066549305035796,0.24699085,1,0,377.6675181881755,20299.30702908067,36.0,4.527736068440974,13.0,3.0,15.082397372892112,0.0408903715333506,0.1764705882352941,0.0029577464788732,0.2307692307692307
KIC_11713414,0.40656140900101534,0.24866951,1,0,381.3010727996713,3788.237623303936,36.0,4.527251557233727,21.0,4.0,26.41306636137617,0.0028073050688968,0.2222222222222222,0.0024968789013732,0.0476190476190476
KIC_2574376,0.4046407212084446,0.24488404,1,0,252.61383697639863,8418.54788432872,36.0,4.517293140063104,47.0,6.0,12.676196224007391,0.0059313702031404,0.3333333333333333,0.0025150202598854,0.0
KIC_9957525,0.40199119645369086,0.249141,1,0,10.218697358412376,1839.057283208323,24.0,4.503530891898353,728.0,135.0,13.78400828663148,0.0002815019695493,1.0,0.0016002133617815,0.0054794520547945
KIC_7610110,0.39340351700057896,0.24900656,1,0,374.0685890211294,18786.424987107806,24.0,4.458715060724745,9.0,3.0,21.486657985043475,0.0034995909512136,0.1764705882352941,0.0016129032258064,0.0
KIC_10877233,0.39269629113553006,0.2487075,1,0,399.9999999999999,25835.71868339041,36.0,4.455009383741838,5.0,1.0,20.70657241621678,0.0255824957753392,0.0714285714285714,0.00340232492203,0.0
KIC_6584971,0.39190320517937555,0.24933132,1,0,349.81827323064635,14170.918017716638,36.0,4.450851015542538,25.0,3.0,14.054554506798375,0.0192203165732448,0.2307692307692307,0.0032082577765378,0.0
KIC_8564420,0.390713698788826,0.24877151,1,0,308.8754455615869,8889.6675158594,12.0,4.444608486803682,4.0,2.0,17.08209819569441,0.0117493308428129,0.1176470588235294,0.000933955970647,0.0
KIC_4545738,0.3905884291812166,0.2437338,1,0,259.97543522762913,13509.284055888247,36.0,4.443950676511415,41.0,5.0,25.0667617041397,0.0112607175707173,0.2941176470588235,0.0024650780608052,0.0
KIC_11766750,0.38934839764147183,0.24883009,1,0,370.5039553402597,19900.76123181439,18.0,4.437434973636215,10.0,2.0,22.080170572447614,0.0278774951395603,0.1176470588235294,0.0012939958592132,0.0
KIC_5698009,0.3864413021962476,0.24886146,1,0,360.01257461685185,5832.987030625292,36.0,4.42213006231494,21.0,3.0,9.992507446361302,0.003176623771224,0.1764705882352941,0.0031025243266111,0.0476190476190476
KIC_8146482,0.38521625242587954,0.24841096,1,0,204.63150255048137,18378.69534006531,36.0,4.415667868999574,57.0,7.0,17.473647795314715,0.0056954216434923,0.4117647058823529,0.0029901751388295,0.0784313725490196
KIC_6949198,0.3832754237729064,0.24824757,1,0,370.5039553402597,4554.292270707583,36.0,4.405414150585218,30.0,4.0,13.297895677661392,0.0003184974495174,0.2352941176470588,0.0024255491173696,0.064516129032258
KIC_2991562,0.37882338255192455,0.2396993,1,0,366.9732903315851,41974.45622128815,36.0,4.381818297178147,22.0,3.0,13.32620033803124,0.0283786793017026,0.1764705882352941,0.0026554856743535,0.0434782608695652
KIC_5736909,0.37239252609420914,0.24836822,1,0,377.6675181881755,15302.632810232808,36.0,4.34754193267511,16.0,2.0,20.215710969807883,0.0349908288009254,0.1176470588235294,0.0024086712163789,0.0
KIC_7352971,0.3715195492240319,0.24862705,1,0,381.3010727996713,10560.283595308694,36.0,4.342870702757685,19.0,3.0,8.568235860921282,0.0089925113077744,0.1764705882352941,0.0025066146776215,0.0526315789473684
KIC_8540081,0.36904069766585423,0.24860439,1,0,356.5818857360398,14684.22943117953,24.0,4.3295819579603805,20.0,4.0,28.19475693296441,0.0080143159875115,0.2222222222222222,0.0016181229773462,0.0
KIC_7044893,0.36816587561263425,0.24863309,1,0,267.5515630131919,27549.012500263205,24.0,4.324883359092599,28.0,5.0,23.632489093126512,0.0397423114758912,0.2941176470588235,0.0015818613234906,0.0
KIC_5297117,0.36721166241234676,0.24889721,1,0,185.9467383300073,49740.83217520531,36.0,4.319753040244679,28.0,6.0,23.669194869857076,0.1248765403814693,0.3529411764705882,0.002336127525079,0.0
KIC_8751783,0.3652379009182832,0.24877526,1,0,330.2874976697283,15862.508907730444,12.0,4.309123303777781,16.0,4.0,9.415626668006391,0.0286481276136608,0.2352941176470588,0.0010071761299257,0.0
KIC_8520426,0.363918147405905,0.24903979,1,0,381.3010727996713,28358.896306204027,24.0,4.302002148099147,23.0,4.0,16.77379978093985,0.0210762329107537,0.2352941176470588,0.0016002133617815,0.0
KIC_3953177,0.36051166651097205,0.24858764,1,0,363.4762702954504,24193.12858741329,36.0,4.283569925690516,33.0,4.0,27.61732409606428,0.0404907176920489,0.2352941176470588,0.0024216332570967,0.0
KIC_9705496,0.358273027342811,0.24867057,1,0,156.50834315627984,3348.61788650187,24.0,4.271415506179195,48.0,9.0,13.440718387036096,0.0001397795525773,0.5294117647058824,0.0016100898966858,0.0227272727272727
KIC_10651431,0.3569681663041606,0.24863172,1,0,291.63055738627867,11556.406568198896,24.0,4.264315470868305,24.0,3.0,24.74477809233857,0.0219601442170681,0.2142857142857142,0.00202865474832,0.0
KIC_9764678,0.3554245832897576,0.24861985,1,0,255.0442450153974,4191.708191293775,24.0,4.255901565896851,28.0,5.0,11.49281534589725,0.0054759798955395,0.2941176470588235,0.0016131200430165,0.0
KIC_10190481,0.3527207484407566,0.24892798,1,0,377.6675181881755,6293.83975685105,36.0,4.2411235646829,19.0,3.0,26.362188033615883,0.0068481042112703,0.2352941176470588,0.0024193548387096,0.0
KIC_7708458,0.35161272358057677,0.24847234,1,0,374.0685890211294,9352.899870918918,24.0,4.23505273273446,23.0,4.0,17.876992899873862,0.0136331726047082,0.2222222222222222,0.0018148820326678,0.0454545454545454
KIC_3847809,0.34659488227568197,0.24843382,1,0,366.9732903315851,14041.70967595242,36.0,4.207449100097623,30.0,4.0,19.420254581378792,0.0113655242272918,0.2352941176470588,0.0024161073825503,0.0
KIC_4543158,0.3443717822625033,0.24855886,1,0,377.6675181881755,17136.509155597167,36.0,4.19515993641179,11.0,2.0,20.618460607627835,0.0272309553865706,0.1111111111111111,0.0026322386563048,0.0
KIC_9222857,0.3382283116428923,0.24830678,1,0,374.0685890211294,20166.984317841365,36.0,4.161000663584772,14.0,3.0,17.75087667680854,0.0148295930765128,0.1764705882352941,0.0025313082867039,0.0
KIC_3854725,0.3340546641518526,0.24840791,1,0,388.673394092354,15292.765325886416,36.0,4.137621319805795,34.0,4.0,20.803921974661456,0.0091628807130685,0.2352941176470588,0.0025609920474457,0.0303030303030303
KIC_4935189,0.3338264276192917,0.22943047,1,0,336.6734895419744,24715.27680836516,36.0,4.136338655419359,12.0,1.0,24.962307515607804,0.0247798627644068,0.0666666666666666,0.0029191521766721,0.0
KIC_8607778,0.32834808736214915,0.24831961,1,0,366.9732903315851,9740.368283380763,36.0,4.105417585559184,22.0,3.0,16.587392482829475,0.0089920591829477,0.1764705882352941,0.0024783147459727,0.0434782608695652
KIC_8837813,0.32348155684759466,0.24870393,1,0,363.4762702954504,12761.59695933332,36.0,4.0777279889763305,27.0,4.0,27.914360393240745,0.0059914847725927,0.2352941176470588,0.0024314467107929,0.0344827586206896
KIC_10266195,0.32242055545885756,0.24630978,1,0,353.18388911940644,2744.531721167287,24.0,4.071662448790184,24.0,4.0,12.599640863994988,0.0053124898156091,0.2352941176470588,0.0015904572564612,0.0416666666666666
KIC_8572665,0.31939273794505935,0.24837861,1,0,381.3010727996713,5195.731564786699,18.0,4.054295083602551,14.0,4.0,21.50487698920348,0.0022753912713605,0.2352941176470588,0.0013229263130043,0.0
KIC_6842313,0.31653752212626474,0.24828101,1,0,370.5039553402597,3339.9124262856185,36.0,4.037837537826156,33.0,4.0,16.854263050540315,0.0091558287939138,0.3076923076923077,0.0031578947368421,0.0294117647058823
KIC_5084184,0.31308630408436156,0.24827012,1,0,227.3603945842873,12801.856138735411,24.0,4.017837780847553,29.0,5.0,26.30724932884361,0.0207559048777976,0.2941176470588235,0.0016246953696181,0.0384615384615384
KIC_5894197,0.3042286020292527,0.24841578,1,0,374.0685890211294,9877.075719956996,36.0,3.965947804973724,30.0,4.0,24.27913066928218,0.0192237871975815,0.2352941176470588,0.0024620434961017,0.032258064516129
KIC_5396984,0.3027889677891777,0.24617753,1,0,245.46069353077348,19744.321471036557,24.0,3.957434937247233,30.0,6.0,24.55566877299085,0.0079861413683662,0.3529411764705882,0.0016181229773462,0.0333333333333333
KIC_5938255,0.30116517588513286,0.24479813,1,0,265.0019682573697,21401.065908982942,24.0,3.947805575183105,22.0,4.0,27.184756574712356,0.0119434848795342,0.3076923076923077,0.0021777596297808,0.0476190476190476
KIC_7585207,0.30011252795828064,0.23198396,1,0,392.4128366852597,11201.965654203172,24.0,3.941547412032075,16.0,3.0,25.853331102888514,0.0096033976739821,0.1666666666666666,0.001644944957611,0.1333333333333333
KIC_9395908,0.29811360360906636,0.24823332,1,0,363.4762702954504,4222.240604555561,36.0,3.9296288394961114,22.0,3.0,14.862171601445356,0.0021751165355636,0.1666666666666666,0.0024735467912601,0.0869565217391304
KIC_5350800,0.29734297655039565,0.23601614,1,0,275.3484720897755,4779.727694547598,36.0,3.925021723218548,31.0,4.0,24.35443724836807,0.0001539161352629,0.2222222222222222,0.0023996800426609,0.0
KIC_8360415,0.2965864113490272,0.24847516,1,0,255.0442450153974,12499.724387208254,36.0,3.920491969423002,26.0,3.0,17.40932858700727,0.0198521098772923,0.1764705882352941,0.0028296547821165,0.0
KIC_11908749,0.2950270303741233,0.24215409,1,0,377.6675181881755,22846.85664838548,36.0,3.911134399260028,16.0,2.0,29.366627086179605,0.0459581406690102,0.1176470588235294,0.0024294776623026,0.0588235294117647
KIC_2301527,0.29203221525517525,0.24299157,1,0,381.3010727996713,61169.54617765357,18.0,3.893081914391887,9.0,2.0,24.128860404445035,0.1100955638673768,0.1176470588235294,0.0013518994186832,0.0
KIC_11953957,0.2895006275651372,0.24490038,1,0,374.0685890211294,5319.286035976534,18.0,3.877736750627119,22.0,4.0,23.822121487282622,0.0013922867540697,0.2666666666666666,0.0015594541910331,0.0
KIC_11359056,0.2892849534050033,0.24502567,1,0,377.6675181881755,5937.427797822026,24.0,3.876425786442761,14.0,2.0,15.146095430633904,0.0139473226028923,0.1111111111111111,0.0016220600162206,0.0
KIC_8360304,0.28764047353374034,0.23780837,1,0,370.5039553402597,13744.05304527504,18.0,3.8664107595461807,5.0,2.0,14.503029021637682,0.017193790369856,0.1111111111111111,0.0015155690272802,0.2
KIC_5036291,0.2846871659068268,0.2440744,1,0,327.14006970298936,15493.172507626496,12.0,3.8483386708802985,10.0,3.0,20.554210565911838,0.0257954663871632,0.1764705882352941,0.0009665838166252,0.0
KIC_7256715,0.28022572201960105,0.24224259,1,0,336.6734895419744,12678.344108432271,12.0,3.820822210527489,15.0,4.0,23.483106200749347,0.0131789308889636,0.2352941176470588,0.0009323388385721,0.0
KIC_7597226,0.27948115888725006,0.24839535,1,0,333.4652071694348,7910.706231341491,36.0,3.816204143886779,25.0,4.0,19.911883871828017,0.0126552878548978,0.2352941176470588,0.0024003200426723,0.125
KIC_9519499,0.27749331722887344,0.24714697,1,0,308.8754455615869,2052.6305563093315,24.0,3.803837726730472,21.0,4.0,9.808251286049709,0.0016459270742546,0.2222222222222222,0.0016260162601626,0.0869565217391304
KIC_8265428,0.2769515596103829,0.24457755,1,0,184.17478520228423,10691.52984809285,36.0,3.800457995964949,52.0,8.0,17.275327037930072,0.0089010427363441,0.4444444444444444,0.0024281667341157,0.0181818181818181
KIC_9413532,0.27389573996220856,0.2409964,1,0,225.193795880152,3501.349691200306,8.0,3.7813173868837695,13.0,4.0,16.543920406740348,0.0031996562027267,0.2222222222222222,0.0005444399074452,0.0
KIC_10917136,0.27180662692564844,0.23120905,1,0,363.4762702954504,10318.667439807694,18.0,3.7681553097056577,9.0,3.0,24.095067440474804,0.0238104206363406,0.1764705882352941,0.0013374348000534,0.1111111111111111
KIC_11904011,0.2667169718570029,0.24830236,1,0,396.1882566080221,13190.81599398486,36.0,3.735820394167404,25.0,3.0,26.319316597649323,0.0294759078617626,0.2,0.0030674846625766,0.0
KIC_10924064,0.2628718234475548,0.24022518,1,0,220.92234061312956,6113.537548301129,18.0,3.711130945460038,20.0,5.0,28.26704301756551,0.0050363566146358,0.2941176470588235,0.0013344008540165,0.0
KIC_9329967,0.2625706704594981,0.24475794,1,0,384.9695859884309,2080.390924599329,24.0,3.709187509157105,12.0,3.0,18.42883256920057,0.004940124123,0.1666666666666666,0.0016027781487912,0.0
KIC_7904473,0.2607040053330019,0.23699951,1,0,377.6675181881755,17618.970266924494,24.0,3.697109137216326,13.0,2.0,33.4348838864921,0.0381253766280312,0.1176470588235294,0.001592779400053,0.0
KIC_7373610,0.260159768600008,0.2262265,1,0,333.4652071694348,7004.475159914425,36.0,3.6935770969153303,34.0,4.0,20.518100308828625,0.0066271306890277,0.2352941176470588,0.0023684210526315,0.032258064516129
KIC_9703633,0.25477800161272757,0.23632738,1,0,187.7357394911158,1950.384602360966,36.0,3.65838803208446,53.0,7.0,9.704568061791983,0.0047784478082103,0.4117647058823529,0.0024245689655172,0.0555555555555555
KIC_12215240,0.2528732444212544,0.24825181,1,0,346.4847295021964,7829.90481753898,24.0,3.6458168700831286,28.0,5.0,16.073250346253936,0.0161806609186813,0.2941176470588235,0.0016481252575195,0.0
KIC_4939472,0.2512360904734575,0.22788757,1,0,374.0685890211294,40071.017615318175,36.0,3.6349617128587,22.0,3.0,17.401877815183873,0.0093394536347837,0.2142857142857142,0.0031104199066874,0.0
KIC_11196226,0.25078607112979207,0.23955804,1,0,267.5515630131919,13679.240811342195,36.0,3.6319696342516634,32.0,4.0,26.324088786070877,0.0157090378305326,0.2222222222222222,0.0022090294077039,0.0
KIC_8609667,0.24831890490760058,0.23368604,1,0,396.1882566080221,9730.105004889245,24.0,3.615502085813725,14.0,2.0,28.01281611416542,0.0224028091459969,0.1176470588235294,0.0014604354753053,0.0
KIC_8171971,0.24806414041110333,0.23921328,1,0,377.6675181881755,10562.601478466438,18.0,3.613795395254323,11.0,3.0,11.578107824878728,0.018296356173567,0.1666666666666666,0.0016002327611288,0.0
KIC_6187121,0.2478216380938225,0.22705093,1,0,339.91263893020425,17249.22165075471,24.0,3.6121697587111705,12.0,2.0,23.045686791039696,0.0345161309215426,0.1428571428571428,0.0021108179419525,0.0833333333333333
KIC_6374248,0.2448125674222453,0.22913907,1,0,388.673394092354,3214.920572213509,36.0,3.5919086416511385,20.0,3.0,18.194560075304143,0.0055371263261166,0.1764705882352941,0.0024245689655172,0.05
KIC_5296040,0.24168576308190134,0.23013351,1,0,370.5039553402597,13532.21930483528,36.0,3.570675653000101,16.0,3.0,23.766394142259024,0.0271950503820057,0.1764705882352941,0.0024439918533604,0.0588235294117647
KIC_9098185,0.24143058724499997,0.23282065,1,0,392.4128366852597,10416.296820267236,1.0,3.568934625713042,4.0,1.0,18.362347254917182,0.0,0.0588235294117647,0.0002663115845539,0.0
KIC_7335881,0.24081646749795296,0.24545234,1,0,384.9695859884309,17446.755801544976,24.0,3.564739426560009,10.0,3.0,20.77467803338639,0.029613884081369,0.1666666666666666,0.0016797312430011,0.0
KIC_10556590,0.23901289069653245,0.24511534,1,0,384.9695859884309,102449.36045684882,36.0,3.5523763348525024,25.0,3.0,41.61214265605548,0.2117408049469895,0.2142857142857142,0.0028757189297324,0.0
KIC_11290469,0.23747283046810666,0.24275357,1,0,291.63055738627867,7990.830495145929,24.0,3.541768848602484,18.0,2.0,22.70422250608899,0.0157588734866763,0.1538461538461538,0.0019770660340055,0.0
KIC_6582949,0.2374328466258206,0.24435322,1,0,283.3725964009247,13591.22012179015,18.0,3.541492822301686,7.0,1.0,13.764622417600084,0.0136344116458135,0.0833333333333333,0.0017931034482758,0.0
KIC_8263104,0.23423177932790207,0.2308352,1,0,399.9999999999999,35333.27330142133,18.0,3.519289493876096,10.0,3.0,30.53903821017771,0.0881591240993859,0.1764705882352941,0.0013329778725673,0.0
KIC_8315266,0.2312835804521822,0.23069113,1,0,377.6675181881755,6445.202245054072,24.0,3.4986530529234328,11.0,2.0,20.891811138790636,0.0141678655521855,0.1176470588235294,0.0017377355968453,0.0
KIC_10779094,0.22806838942041457,0.22943303,1,0,381.3010727996713,15682.868925830262,1.0,3.4759369735089,7.0,2.0,21.4299908615306,0.0,0.1111111111111111,0.0002730375426621,0.0
KIC_6431254,0.22572493156518644,0.22467399,1,0,193.2066792783941,3270.1164127135758,24.0,3.459237431232188,22.0,5.0,16.377226774670373,0.0077232931130215,0.2777777777777778,0.0017560448466837,0.0869565217391304
KIC_7524239,0.22350233546957116,0.2294615,1,0,377.6675181881755,9819.857373789431,36.0,3.4432852857886056,24.0,3.0,10.265988704924643,0.008356791404058,0.25,0.0032275416890801,0.0
KIC_6841696,0.22239720470336544,0.23050484,1,0,360.01257461685185,9751.251932357263,24.0,3.4353114320042017,16.0,2.0,24.36254660826121,0.0193625148977419,0.1538461538461538,0.0019546520719311,0.0666666666666666
KIC_6851708,0.2200302731178416,0.2263914,1,0,252.61383697639863,5457.981866935135,36.0,3.4181375434073065,35.0,5.0,16.94225458351611,0.0074385328637392,0.2777777777777778,0.0024067388688327,0.0
KIC_1719974,0.2172042207761505,0.22328733,1,0,122.016701454959,5104.290419656099,36.0,3.3974577211632218,84.0,11.0,13.955421191336466,0.0047723864282396,0.6111111111111112,0.0025238362310712,0.0240963855421686
KIC_11495513,0.20717516593529656,0.24469598,1,0,374.0685890211294,10809.701306096264,36.0,3.3224529258136024,34.0,4.0,19.086165538829395,0.0004078740791381,0.2666666666666666,0.0035103115401491,0.0294117647058823
KIC_7766199,0.20619391476396134,0.22395844,1,0,343.1829523069431,4420.270921021596,18.0,3.3149723169282583,12.0,3.0,31.68812046603046,0.0119696659227518,0.1666666666666666,0.0013329778725673,0.0
KIC_8888956,0.19835961007413797,0.2243281,1,0,165.76309650044993,1565.7630354118935,36.0,3.2542768502190724,71.0,9.0,8.620737878603997,0.0011036443582213,0.5,0.0023262178434592,0.0135135135135135
