star_id,split,original_points,valid_points,quality_removed,nonfinite_removed,n_time_nonfinite,n_removed_nonfinite_time,duplicate_removed,outlier_flagged,outlier_removed,negative_extreme_retained,percentage_retained,quarter_count,large_gap_count,small_quarter_count,small_quarter_ids,time_span_days,median_cadence_days,robust_scatter_ppm,severely_corrupted
KIC_10002867,train,65031,58500,6531,0,0,0,0,0,0,0,89.9570973843244,17,85,0,[],1459.48921235132,0.020433621597476304,17576.275390625,False
KIC_10006971,train,65031,58138,6893,0,0,0,0,0,0,0,89.40043979025388,17,85,0,[],1459.4891940853486,0.02043362584663555,310175.71875,False
KIC_10057494,train,65504,57941,7563,0,0,0,0,33,33,0,88.4541402051783,18,86,0,[],1470.4624706392788,0.020433622121345252,27189.462890625,False
KIC_10058491,train,65504,57598,7906,0,0,0,0,70,70,0,87.93050806057646,18,86,0,[],1470.4624665124138,0.020433622470591217,22751.527002172214,False
KIC_10089175,train,51876,48016,3860,0,0,0,0,34,34,0,92.55917958208035,14,66,0,[],1459.489141463353,0.02043387217418058,39925.356783014206,False
KIC_10064054,dev,65031,59600,5431,0,0,0,0,0,0,0,91.64859836078178,17,85,0,[],1459.489227506936,0.020433621073607355,30217.5546875,False
KIC_10262466,dev,65031,60113,4918,0,0,0,0,0,0,0,92.43745290707508,17,85,0,[],1459.4892435414004,0.020433620491530746,30604.8203125,False
KIC_10294348,dev,51876,48248,3628,0,0,0,0,0,0,0,93.00639987662889,14,66,0,[],1459.4891420593121,0.020433876721654087,74698.00964331765,False
KIC_10319385,dev,65504,58633,6871,0,0,0,0,0,0,0,89.51056424035174,18,86,0,[],1470.4624919684866,0.020433619210962206,52105.67578125,False
KIC_10385347,dev,65031,59327,5704,0,0,0,0,3,0,3,91.22879857298827,17,85,0,[],1459.489305875868,0.020433612691704184,24029.826171875,False
